Naam,ID,Website,Ultimate klant,Asana_ID,Duits SEO,Wie,Land,Provincie,Toeristische Regio,latitude,longitude,Plaats,Primaire doelgroep,Omgeving,Aantal sterren,Kampeerplekken,Camperplaats,Vakantiehuizen,Chalets/stacaravans,Groepsacco's,Bijzondere acco's,Glamping,Appartementen,Events (als overnachtingslocatie),Faciliteiten,Zwemmogelijkheden,Binnenzwembad,Buitenzwembad,Zwemvijver/-meer,Buitenspeeltuin,Indoorspeeltuin,Restaurant,Bar,Supermarkt,Snackbar,Bowling,Fietsverhuur,Wellness op het park,Wellness bij accommodatie,Laadpaal,Mindervalide woningen,Kampeerplek met privé sanitair,Vismogelijkheden,Watersport,Padel,Tennis,Multicourt,Voetbalveld,Minigolf,Golf,Bootverhuur,Jachthaven,Duurzaamheid,Christelijk,Vuurwerkvrij,Animatie,Huisdier toegestaan,Kindvriendelijk,In / bij het bos,Aan zee,Aan het water (excl zee),BBQ op het park/bij woning,Accommodatie Types,pets_allowed_at_accommodation,bbq_at_accommodation,sauna_at_accommodation,jacuzzi_at_accommodation
EuroParcs Bad Hoophuizen,2398,https://www.europarcsbadhoophuizen.nl/,EP,1210207742416407,x,,Nederland,Gelderland,Veluwemeer,"52,3837534","5,7063474",,,"Dolfinarium, Apenheul, Walibi Holland, Tickets met korting, Dierenpark Amersfoort, Veluwemeer, Wandelen en fietsen Ermelo, Elburg, Golfbaan Rijk van Nunspeet, Sauna Drôme, Indoor zandsculpturen tentoonstelling, Harderwijk, Het Verscholen Dorp, Vierhouten, Batavia Stad Fashion Outlet, Nunspeet, Nijkerk",,Nee,Ja,Ja,,,,Nee,,,"Binnenzwembad & Wellnesscentrum, Adventure Minigolf, Restaurant, Sportveld, Kidsclub en Chillzone, Bootverhuur, Snackbar, Animatieactiviteiten, Strand- en natuurmeer, Jachthaven, Watersport centrum, Boek jouw vakantie met de hond!, Foot Pool, Vissen, Minimarket, Wasserette, Escape Box ''Pyramid"", Speeltuinen, Foodboxen, E-chopper verhuur, Fietsverhuur",Nee,,,,,,Ja,,,,,Ja,"Ja, sauna",,Nee,,,,,,,,,,,,,,,,Ja,Ja,Ja,,,,Nee,"31.7% Chalet (20), 25.4% Loge (16), 12.7% Active Owner Accommodaties (8), 6.3% Grote accommodatie (4), 6.3% Tiny house (4), 4.8% Ligplaatsen (3), 3.2% Groepsaccommodatie (2), 3.2% Vakantiehuis (2), 3.2% Wellness suite (2), 1.6% Bijzondere accommodatie (1), 1.6% Kampeerplaats (1)","41.3% all (26), 38.1% some (24), 20.6% none (13)",0% (0),1.6% (1),0% (0)
EuroParcs Bad Hulckesteijn,2507,https://www.europarcsbadhulckesteijn.nl/,EP,1210204263333171,x,,Nederland,Gelderland,,"52,2569793","5,4668969",,,"Zandsculpturen Garderen, Dierenpark Amersfoort, Walibi Holland, Tickets met korting, Dolfinarium, Bootverhuur, Harderwijk, Nijkerk, Kitesurfen en wakeboarden, Amersfoort, Batavia Stad Fashion Outlet, Speulder- en Sprielderbos, Vierhouten, Wandelen en fietsen Ermelo, Het Verscholen Dorp, Batavialand, Jachthaven, Sauna Drôme, Utrecht, Nijntje Museum, Spoorwegmuseum Utrecht",,Nee,,Ja,,,,Nee,,,"Binnenzwembad, Wellnessruimte, Restaurant, Fietsverhuur, Animatie, Bootverhuur, Speeltuinen, Foodboxen, E-chopper verhuur, Minimarkt, Spelletjeskast, Vissen, Jeu de Boules, Wasserette, Fitnessruimte, Escape Box ''Pyramid'', Hond mee op vakantie?, Vuurwerkvrij",Nee,,,,,,Ja,,,,,Ja,Nee,,Nee,,,,,,,,,,,,,,,,Ja,Ja,Ja,,,,Nee,"43.2% Chalet (16), 27% Loge (10), 10.8% Grote accommodatie (4), 8.1% Tiny house (3), 2.7% Groepsaccommodatie (1), 2.7% Hotel-Studio (1), 2.7% Vakantiehuis (1), 2.7% Active Owner Accommodaties (1)","37.8% some (14), 35.1% all (13), 27% none (10)",0% (0),0% (0),0% (0)
EuroParcs Bad Meersee,2508,https://www.europarcsbadmeersee.nl/,EP,"1,21021E+15",x,,Nederland,Zeeland,,"51,3747577","3,4507553",,,"Deltapark Neeltje Jans, Maritiem Muzeeum Zeeland, Tickets met korting, Fiets- en wandelroutes Breskens, Sluis, Brugge, Strand van Nieuwvliet, Vlissingen, Gastvrij Zeeuws Vlaanderen, Breskens, Rondvaart Westerschelde, Knokke-Heist, Natuurpark Het Zwin, Golfclub De Brugse Vaart",,Nee,,Ja,,,,Nee,,,"Fietsverhuur, Restaurant, Snackbar, E-chopperverhuur, Foodboxen, Bowlingcentrum, Parkshop, Wasserette, Oplaadpunt elektrische auto, Vuurwerkvrij, Overdekt zwembad",Nee,,,,,,Ja,,,,,Ja,Nee,,Ja,,,,,,,,,,,,,,,,,Ja,Nee,,,,Nee,"75% Loge (9), 25% Chalet (3)","66.7% all (8), 25% some (3), 8.3% none (1)",0% (0),0% (0),0% (0)
EuroParcs Beekbergen,2509,https://www.europarcsbeekbergen.nl/,EP,1210204263333066,x,,Nederland,Gelderland,Veluwe,"52,1370369","6,0024445",,,"Burgers' Zoo, Apenheul, Nationaal Park De Hoge Veluwe, Tickets met korting, Kinderpretpark Julianatoren, Paleis Het Loo, Loenense Waterval, Posbank, Kootwijkerzand, Veluwsche stoomtrein, Arnhem, Padellen Apeldoorn, Openluchtmuseum Arnhem, 8 Kastelenroute, Kasteel Vorden, Bronkhorst",,Nee,,Ja,,,,Nee,,,"Animatieactiviteiten, Binnenzwembad, Restaurant, Fietsverhuur, Snackbar, Kids Safari, Sjoelbak huren, Broodjesservice, Bean bag game, E-chopper verhuur, Escape Box ''Pyramid'', Fitness- en wellnessruimte, Pizza kiosk, Parkshop, Speeltuinen, Bereikbaarheid openbaar vervoer, Sport, Wasserette, Foodboxen",Nee,,,,,,Ja,,,,,,"Ja, sauna en hottub",,Nee,Ja,,,,,,,,,,,,,,,Ja,Ja,Ja,,,,Nee,"58.2% Loge (46), 19% Chalet (15), 7.6% Grote accommodatie (6), 6.3% Vakantiehuis (5), 3.8% Groepsaccommodatie (3), 3.8% Tiny house (3), 1.3% Active Owner Accommodaties (1)","57% all (45), 30.4% some (24), 12.7% none (10)",0% (0),6.3% (5),5.1% (4)
EuroParcs Biggesee,2510,https://www.europarcsbiggesee.de/nl,EP,"1,21021E+15",x,,Duitsland,Noordrijn-Westfalen ,,"51,110895","7,9024029",,,"Musea in Sauerland, Krombacher World, Fietsroutes Biggesee, Kasteel Schnellenberg, Watersport Biggesee, Zwembad Olpe, Waterpark AquaMagis, Klimpark Biggesee, Biggeblick, Biggesee, Apen- en vogelpark Eckenhagen, Attendorn, Wandelroutes Biggesee, Attagrot, Cruise over de Biggesee, Biggolino, Vuurtoren Biggesee",,Ja,Ja,Ja,,,,Ja,,,"Fietsverhuur, Campingwinkel, Strand- en natuurmeer, Sanitair, Strandbar, Wasserette",Nee,,,,,Ja,,Ja,,,,Ja,,,Nee,,Ja,,,,,,,,,,,,,,,Ja,Nee ,,,,Nee,"40% Chalet (4), 30% Kampeerplaats (3), 20% Loge (2), 10% Trekkershut (1)","40% some (4), 40% all (4), 20% none (2)",0% (0),0% (0),0% (0)
EuroParcs Brunssummerheide,2511,https://www.europarcsbrunssummerheide.nl/,EP,1210204263332996,x,,Nederland,Limburg,Zuid-Limburg,"50,9290512","5,9787278",,,"GaiaZoo, Thermae 2000, Plopsa Indoor Hasselt, Tickets met korting, Toverland, Drielandenpunt en Vaalserberg, Nederlands Mijnmuseum Heerlen, Fiets- en wandelroutes, De grotten van Valkenburg, Brunssummerheide, Thermenmuseum, SnowWorld, Golfbaan Brunssummerheide, Kasteel Hoensbroek, Valkenburg, Discovery Museum, Holland Casino, Wielrennen Zuid-Limburg, Mountainbikeroutes, Kasteelpark Born, Stoomtrein 'Miljoenenlijn'",,Nee,,Ja,,,,Nee,,,"Jeu de boules, Fietsverhuur, Vissteiger, Restaurant, Escape Box ''Pyramid'', Hond mee op vakantie?, Bereikbaarheid openbaar vervoer, Foodboxen, Tafeltennistafel, Natuur- en strandbad, Suppen, Oplaadpunt elektrische auto, Speeltuinen, Activiteitenkalender, Snackbar",Nee,,,,,,,,,,,Ja,,"Ja, accommodaties met sauna",Ja,,,,,,,,,,,,,,,,,Ja,Ja,,,,"Ja, barbecue services","56.1% Loge (32), 28.1% Chalet (16), 15.8% Grote accommodatie (9)","56.1% all (32), 40.4% some (23), 3.5% none (2)",0% (0),8.8% (5),0% (0)
EuroParcs Buitenhuizen,2512,https://www.europarcsbuitenhuizen.nl/,EP,1210207795899907,x,,Nederland,Noord-Holland,,"52,4316138","4,7084797",,,"Lovers Canal Cruises, Body Worlds, Artis, Tickets met korting, NEMO Science Museum, Amsterdam, Haarlem, Zaanse Schans, Golfbaan Spaarnwoude, Edam, Recreatiegebied Het Twiske, Tours en tickets Amsterdam, Alkmaar, Tulip Experience, Monkey Town Purmerend, Fort Resort Beemster, Marken, Volendam, Monnickendam, Rijksmuseum, Schermer Molens, Linnaeushof, Volkssterrenwacht Copernicus, Nationaal Park Zuid-Kennemerland, SnowWorld, De Bazaar",,Nee,Ja,Ja,,,,Nee,,,"Fietsverhuur, E-chopper verhuur, Fitnessruimte, Parkshop, Buitenzwembad, Snackbar, Broodjesservice, Escape Box ''Pyramid'', Foodboxen, Hond mee op vakantie?, Speeltuinen, Wasserette, Activiteitenkalender, Bereikbaarheid openbaar vervoer, Vuurwerkvrij",Nee,,,,,,,,,,,Ja,,,Nee,,,,,,,,,,,,,,,,,Ja,Nee,,,,Nee,"52% Chalet (13), 24% Loge (6), 12% Kampeerplaats (3), 4% Hotel-Studio (1), 4% Tiny house (1), 4% Active Owner Accommodaties (1)","52% some (13), 32% all (8), 16% none (4)",0% (0),0% (0),0% (0)
EuroParcs Cadzand-Bad,2513,https://www.europarcscadzandbad.nl/,EP,1210207742416302,x,,Nederland,Zeeland,,"51,3779853","3,3990349",,,"Deltapark Neeltje Jans, Maritiem Muzeeum Zeeland, Tickets met korting, Strand Cadzand-Bad, Shortgolf, Rondvaart Westerschelde, Natuurpark Het Zwin, Kitesurfen, Strand van Nieuwvliet, Breskens, Brugge, Gastvrij Zeeuws Vlaanderen, Fiets- en wandelroutes Breskens, Vlissingen, Sluis, Knokke-Heist, Golfclub De Brugse Vaart, Molen Nooitgedacht, Toversluis, Speel- en bunkerpark Groede, Jachthaven Cadzand-Bad",,Nee,,Ja,,,,Nee,,,"Fietsverhuur, Foodboxen, Escape Box ''Pyramid'', Oplaadpunt elektrische auto, Zwembad",Nee,,,,,,,,,,,Ja,,,Ja,Ja,,,,,,,,,,,,,,,,Ja,Nee,,,,"Ja, barbecue services","50% Grote accommodatie (2), 25% Chalet (1), 25% Vakantiehuis (1)","75% some (3), 25% none (1)",0% (0),0% (0),0% (0)
EuroParcs De Achterhoek,2514,https://www.europarcsdeachterhoek.nl/,EP,1210207742416687,x,,Nederland,Gelderland,Achterhoek,"52,142964","6,3818866",,,"Burgers' Zoo, Apenheul, Paleis Het Loo, Tickets met korting, Nationaal Park De Hoge Veluwe, Kinderpretpark Julianatoren, Cinemajestic, 8 Kastelenroute, Hof van Eckberge, Klimbos Ruurlo, Zutphen, Brouwhoes, De Heikamp, Party & Bowling, Restaurant Boshuis, Speelboerderij Dondertman, Kasteel Vorden, Waterpret, Escaperoom Groenlo, Megapret, Lochemse Bergroute, Museum More, De Waarbeek, Fiets- en wandelroutes, Avonturenpark Hellendoorn, Kaasboerderij Weenink, Wijnroutes en wijnproeven Achterhoek, Brandweermuseum Borculo, Beleefboerderij De Kleine Carrousel",,Nee,,Ja,,,,Nee,,,"Binnenzwembad, Animatieactiviteiten, Speeltuinen, Binnenspeeltuin 't Speelkasteel, Jeu de Boules, Fietsverhuur, Restaurant, Vissteiger, Foodboxen, Multifunctioneel sportveld, Escape Box ''Pyramid'', Beach snackbar de Achterhoek, Jenga XL, Klootschieten, Dierenweide, Minigolf, Sjoelen, E-chopper verhuur, Broodjesservice, Self service parkshop, Recreatieplas, Hond mee op vakantie?, Sup verhuur",Ja,Ja,,,,,Ja,,,,,Ja,,"Ja, accommodaties met sauna",Nee,,,,,,,,,,,,,,,,"Ja, in de schoolvakanties",Ja,Ja,,,,"Ja, barbecue services","53.5% Loge (38), 25.4% Chalet (18), 9.9% Grote accommodatie (7), 7% Vakantiehuis (5), 1.4% Groepsaccommodatie (1), 1.4% Tiny house (1), 1.4% Wellness suite (1)","60.6% all (43), 33.8% some (24), 5.6% none (4)",0% (0),5.6% (4),0% (0)
EuroParcs De Biesbosch,2515,https://www.europarcsdebiesbosch.nl/,EP,1210204263333206,x,,Nederland,Zuid-Holland,,"51,7254031","4,6295081",,,"Rondvaartbedrijf Zilvermeeuw, Diergaarde Blijdorp, Euromast, Tickets met korting, De Efteling, Nationaal Park De Biesbosch, Rondvaarten De Biesbosch en Rotterdam, Fiets- en wandelroutes, Dordrecht, Natuurgebieden De Hoeksche Waard, Breda, Werelderfgoed Kinderdijk, Rotterdam, Markthal, Plaswijckpark, Go Kart, Skicentrum Drechtsteden, Klimpark Fun Forest Rotterdam, Glow Golf en Escape Room",,Nee,,Ja,,,,Nee,,,"Binnenzwembad, Restaurant, Fietsverhuur, Jachthaven, Parkshop, Foodboxen, Boot huren, E-chopper verhuur, Snackbar, Vissen vanaf de boot, Speeltuin, Broodjesservice, Multifunctioneel sportveld, Escape Box ''Pyramid'', Buitenzwembad, Binnenspeeltuin, Wasserette, Schoonheidssalon, Hond mee op vakantie?, Animatie",Nee,,,,,,Ja,,,,,Ja,"Ja, Sauna en Hottub ",,Nee,,,,,,,,,,,,,,,,Ja,Ja,Ja,,,,Nee,"35.4% Chalet (23), 33.8% Loge (22), 20% Ligplaatsen (13), 4.6% Groepsaccommodatie (3), 4.6% Tiny house (3), 1.5% Active Owner Accommodaties (1)","56.9% all (37), 30.8% some (20), 12.3% none (8)",0% (0),4.6% (3),3.1% (2)
EuroParcs De IJssel Eilanden,2516,https://www.europarcsdeijsseleilanden.nl/,EP,1210207742416372,x,,Nederland,Overijssel,Kop van Overijssel,"52,5440645","5,8583512",,,"Dolfinarium, Walibi Holland, Luchthavenmuseum Aviodrome, Tickets met korting, Elburg, Indoor zandsculpturen tentoonstelling, Het Grote Kabouterbos, Batavialand, Golfbaan Dorhout Mees, Nationaal Park Nieuw Land, Kampen, De Flierefluiter, Fietsen rond Kampen, Zuiderzeemuseum, Binnenzwembad & sauna, Recreatiegebied Heerderstrand, Batavia Stad Fashion Outlet, Nationaal Park Weerribben-Wieden, Ketelmeer, Varen rond Kampen, Dinoland, Wandelen rond Kampen, Pantropica, Fun Forest Almere, Tulpenroutes Flevoland, Toms Creek, Anton Pieck Museum, Kamper Events, Urk",,Nee,,Ja,,,,Nee,,,"Animatie, Restaurant, Snackbar, Fietsverhuur, E-chopper verhuur, Escape Box ''Pyramid'', Bootverhuur, Selfservice parkshop, Natuurmeer, Foot Pool, Speeltuin, Pannaveld, Dierenweide, Fietsroutes, Suppen, Boothelling, Indoor speelactiviteiten, Beachvolleybal, Oplaadpunt elektrische auto, Tickets met korting, Hond mee op vakantie?, Foodboxen, Vuurwerkarm, Broodjesservice",Nee,Ja,,,,,Ja,,,,,,"Ja, Sauna ",,Ja,,,,,,,,,,,,,,,,Ja,Ja,Ja,,,,Nee,"36.7% Loge (18), 22.4% Grote accommodatie (11), 14.3% Appartement (7), 12.2% Chalet (6), 8.2% Ligplaatsen (4), 4.1% Groepsaccommodatie (2), 2% Tiny house (1)","36.7% some (18), 34.7% none (17), 28.6% all (14)",0% (0),6.1% (3),0% (0)
EuroParcs De Kraaijenbergse Plassen,2518,https://www.europarcsdekraaijenbergseplassen.nl/,EP,1210204263332891,x,,Nederland,Noord-Brabant,,"51,7420586","5,839593",,,"Kasteel Heeswijk, ZooParc Overloon, Dierenpark Zie-ZOO, Tickets met korting, Toverland, Golfbaan Het Rijk van Nijmegen, Fiets- en wandelroutes, Nijmegen, Natuurreservaat De Kraaijenbergse Plassen, Amusementspark Tivoli, Mookerheide, Monkey Town Wijchen, Golfbaan Overloon, Cinema Roma Wijchen, Staatsbossen Sint Anthonis, Sint-Jansberg, Museum De Bastei, Museum Ceuclum, Kasteel Tongelaar, Maasheggen, Museum Orientalis, Dierentuin Kleef, Surf & Sup school De Kraaij, Overloonsche Duinen, MuZIEum",,Nee,,Ja,,,,Nee,,,"Brasserie op den Drul, Oplaadpunt elektrische fiets, Bootverhuur, Fietsverhuur, Foodboxen, Yuki speurtocht, Activiteitenkalender, Sup verhuur, Tickets met korting, Escape Box ''Pyramid'', Wasserette, Hond mee op vakantie?, Vuurwerkarm, E-chopper verhuur, Broodjesservice, Oplaadpunt elektrische auto, Speeltuin",Nee,,,,,,,,,,,Ja,"Ja, sauna, jacuzzi en hottub ",,Ja,,,,,,,,,,,,,,,,Ja,Ja,Ja,,,,Kamado BBQ,"37.5% Chalet (9), 37.5% Loge (9), 25% Grote accommodatie (6)","54.2% all (13), 33.3% some (8), 12.5% none (3)",0% (0),0% (0),0% (0)
EuroParcs De Utrechtse Heuvelrug,2520,https://www.europarcsdeutrechtseheuvelrug.nl/,EP,1210207742416512,x,,Nederland,Utrecht,,"52,0772048","5,3791954",,,"Dierenpark Amersfoort, Ouwehands Dierenpark, Kasteel De Haar, Tickets met korting, Nationaal Park Utrechtse Heuvelrug, Spoorwegmuseum Utrecht, Henschotermeer, Nijntje Museum, Play-in Utrecht, Fiets- en wandelroutes, Schaatsen, Golfclub Anderstein, Amersfoort, The Maxx",,Nee,,Ja,,,,Ja,,,"Animatieactiviteiten, Zwembad, Fietsverhuur, E-chopper verhuur, Speelveld, Bereikbaarheid openbaar vervoer, Hond mee op vakantie?, Snackbar, Hondenspeelveld, Restaurant, Vuurwerkarm, Boodschappenservice, Tafeltennis, Sjoelbak huren, Broodjesservice, BBQ en gourmet boxen, Escape Box ''Pyramid'', Jeu de boules, Oplaadpunt elektrische auto, Ontbijtbox, Parkshop",Ja,,,,,,Ja,,,,,Ja,,"Ja, accommodaties met hottub",Ja,Ja,,,,,,,,,,,,,,,"Ja, in de schoolvakanties",Ja,Ja,,,,"Ja, barbecue services","41.4% Loge (24), 36.2% Chalet (21), 13.8% Active Owner Accommodaties (8), 5.2% Tiny house (3), 1.7% Glampingtent (1), 1.7% Jaarplaatsen (1)","53.4% all (31), 36.2% some (21), 10.3% none (6)",0% (0),5.2% (3),10.3% (6)
EuroParcs De Wije Werelt,2523,https://www.europarcsdewijewerelt.nl/,EP,1210204263333031,x,,Nederland,Gelderland,Veluwe,"52,0865403","5,7690576",,,"Burgers' Zoo, Nationaal Park De Hoge Veluwe, Ouwehands Dierenpark, Tickets met korting, Paleis Het Loo, Kinderpretpark Julianatoren, Museonder, Schateiland Zeumeren, Kootwijkerzand, Posbank, Zandsculpturenfestijn, Arnhem, Veluwe Fiets 4-daagse Otterlo, Apenheul, Fiets- en wandelroutes, Wild spotten op Planken Wambuis, Openluchtmuseum Arnhem, Veluwsche stoomtrein, Kröller-Müller Museum, Nijmegen",,Ja,Ja,Ja,,,,Ja,,,"Animatie, Buitenzwembad, Foodboxen, Restaurant De Houtzagerij, Parkshop, Kinderboerderij, Escape Box ''Pyramid'', Snackbar, E-chopper verhuur, Fietsverhuur, Speeltuin, Hond mee op vakantie?, Indoor speeltuin, Speurtocht houtsculpturen, Bereikbaarheid openbaar vervoer, Jeu de boules, Strand- en natuurmeer, Sup verhuur, Wellness",,,,,,,Ja,,,,,Ja,"Ja, hottub",,Nee,,,,,,,,,,,,,,,,Ja,Ja,Ja,,,,Nee,"42.6% Loge (26), 26.2% Chalet (16), 8.2% Bijzondere accommodatie (5), 4.9% Glampingtent (3), 4.9% Kampeerplaats (3), 4.9% Trekkershut (3), 3.3% Grote accommodatie (2), 3.3% Tiny house (2), 1.6% Active Owner Accommodaties (1)","62.3% all (38), 21.3% some (13), 16.4% none (10)",0% (0),0% (0),1.6% (1)
EuroParcs De Woudhoeve,2525,https://www.europarcsdewoudhoeve.nl/,EP,1210206602218485,x,,Nederland,Noord-Holland,,"52,6332034","4,6646423",,,"Lovers Canal Cruises, Body Worlds, Artis, Tickets met korting, Alkmaar, Bergen, Zee Aquarium, Slotruïne kasteel Egmond, Land van Fluwel, Nationaal Park de Schoorlse Duinen, Outdoorpark Alkmaar, Fiets- en wandelroutes, De Batavier, Marinemuseum, Recreatiegebied Geestmerambacht, Happy Inn, De Bazaar, Museum BroekerVeiling, Speelpark De Goudvis, Sint-Adelbertabdij, Edam, Monnickendam, Evenementenagenda, Alpaca Eco Farm, Volendam, Vuurtoren J.C.J. van Speijk, Schermer Molens, Fort Resort Beemster, Brouwerij Egmond",,Nee,,Ja,,,,Nee,,,"Restaurant, Fietsverhuur, E-chopper verhuur, Recreatieplas, Broodjesservice, Wasserette, Escape Box ''Pyramid'', Snackbar, Hond mee op vakantie?, Foodboxen, Minimarkt verkoopautomaat, Vuurwerkarm, Speeltuinen, Bereikbaarheid openbaar vervoer, Tickets met korting, Verwarmd buitenzwembad, Activiteitenkalender, Sportvelden",Ja,Ja,Ja,,,,Ja,,,,,Ja,,,Nee,Ja,,,,,,,,,,,,,,,,Ja,Ja,,,,"Ja, barbecue services","88.9% Chalet (8), 11.1% Loge (1)","44.4% some (4), 44.4% all (4), 11.1% none (1)",0% (0),0% (0),0% (0)
EuroParcs De Zanding,2526,https://www.europarcsdezanding.nl/,EP,1210207742416197,x,Rick,Nederland,Gelderland,Veluwe,"52,0927293","5,77741",,,"Apenheul, Burgers' Zoo, Zandsculpturen Garderen, Tickets met korting, Nationaal Park De Hoge Veluwe, Kinderpretpark Julianatoren, Paleis Het Loo, Fiets- en wandelroutes Otterlo, Openluchtmuseum Arnhem, Kröller-Müller Museum, Padellen Apeldoorn, Jump XL Ede, Loenense Waterval, Edese Golf Club Papendal, Tennisbanen Otterlo, Arnhem, Sauna Drôme, Kootwijkerzand, Veluwsche stoomtrein, Huis Zypendaal, Posbank, Wild spotten op Planken Wambuis",,Ja,Ja,Ja,Ja,Nee,Nee,Ja,Nee,,"Binnenzwembad, Fietsverhuur, Escape Box ''Pyramid'', Restaurant, Animatie, Sport, Hond mee op vakantie?, Boodschappenfietsen, Snackbar, Feyenoord Soccer School, Wasserette, Foodboxen, E-chopper verhuur, Tickets met korting, Sup verhuur, Strand- en natuurmeer, Parkshop, Speeltuinen, Wellness, Bereikbaarheid openbaar vervoer, Tikkie trug Sportcafé, Speurtocht houtsculpturen, Buitenzwembad, Indoor speeltuin, Kinderboerderij, Restaurant De Houtzagerij",Ja,Ja,Nee,Ja,Ja,Ja,Ja,Ja,Ja,Ja,Nee,Ja,Nee,"Ja, sauna",,Ja,Ja,,Ja,Nee,Nee,Ja,Ja,Nee,Nee,Nee,Nee,,Nee,Nee,Ja,Ja,Ja,Ja,Nee,"Ja, klein meer",,"38.3% Loge (36), 23.4% Chalet (22), 8.5% Grote accommodatie (8), 5.3% Groepsaccommodatie (5), 5.3% Vakantiehuis (5), 3.2% Hotel-Studio (3), 3.2% Tiny house (3), 3.2% Active Owner Accommodaties (3), 3.2% Glampingtent (3), 3.2% Kampeerplaats (3), 2.1% Wellness suite (2), 1.1% Bijzondere accommodatie (1)","45.7% some (43), 27.7% none (26), 26.6% all (25)",0% (0),6.4% (6),0% (0)
EuroParcs De Zeeuwse Duinen,2484,https://www.europarcsdezeeuwseduinen.nl/,EP,1210206602218765,x,,Nederland,Zeeland,,"51,5186006","3,4531433",,,"Westkapelle, Vlissingen, Vuurtorens Westkapelle, Middelburg, Zeehondensafari met rondvaart Vlissingen, Polderhuismuseum, Bounce Valley, Strandpaviljoen Scheldezicht, Activiteiten bij Kanoa Outdoor",,Nee,,Ja,,,,Nee,,,,Nee,,,,,,,,,,,,,,Nee,,,,,,,,,,,,,,,,,Ja,Nee,,,,Nee,100% Chalet (2),"50% some (1), 50% all (1)",0% (0),0% (0),0% (0)
EuroParcs Enkhuizer Strand,2527,https://www.europarcsenkhuizerstrand.nl/,EP,1210206602218275,x,,Nederland,Noord-Holland,,"52,7133943","5,2896252",,,"Pannekoekbakkerij Houtlust Hem, Sprookjeswonderland, Enkhuizen, Passagiersschip De Zuiderzee, veerdienst Enkhuizen – Urk, Dirk de Wit Mode, Walibi Holland, Happy Days, Tickets met korting, Speeltuinvereniging Kindervreugde Enkhuizen, Zuiderzeemuseum Enkhuizen, Fruitkwekerij ‘T KEETJE Lutjebroek, Batavia Stad Fashion Outlet, Museum van de 20ste eeuw Hoorn, Medemblik, Volendam, Hoorn, Hoornse Kermis, Klimpark Streekbos, Marken, JACK’S  CASINO Hoorn, Blotevoetenpad, Paardenraces, Fort Resort Beemster, CNTR Gym, Mak blokweer Blokker, Recreatiegebied Het Twiske, Edam, Alkmaar, Dolfinarium, Dierenpark Hoenderdaell Anna Paulowna, Samcity Hoorn, Monnickendam, Flessenscheepjes museum Enkhuizen, Interactief Museum Sow to Grow, Vue Bioscoop Hoorn, Museum Stoomtram Hoorn- Medemblik",,Ja,Ja,Ja,,,,Ja,,,"Zwembad, Bohemian Beach, Fietsverhuur, Broodjesservice, Escape Box ''Pyramid'', E-chopper verhuur, Wasserette, Activiteitenkalender, Bereikbaarheid openbaar vervoer, Vuurwerkarm, Tickets met korting, Yuki speurtocht, Hond mee op vakantie?",Ja,,,,,,,,,,,Ja,Nee,,Nee,,,,,,,,,,,,,,,,,Ja,Ja,,,,Nee,"46.8% Loge (22), 29.8% Chalet (14), 10.6% Kampeerplaats (5), 8.5% Grote accommodatie (4), 2.1% Glampingtent (1), 2.1% Jaarplaatsen (1)","70.2% all (33), 27.7% some (13), 2.1% none (1)",0% (0),8.5% (4),4.3% (2)
EuroParcs Gulperberg,2528,https://www.europarcsgulperberg.nl/,EP,1210207795899977,x,,Nederland,Limburg,Zuid-Limburg,"50,8075376","5,8969729",,,"GaiaZoo, Thermae 2000, Plopsa Indoor Hasselt, Tickets met korting, Maastricht, Mosaqua Subtropisch Zwemparadijs, Fiets- en wandelroutes, De grotten van Valkenburg, Natuurhistorisch museum Maastricht, Drielandenpunt en Vaalserberg, Valkenburg, Stoomtrein 'Miljoenenlijn', Discovery Museum, Amerikaanse Begraafplaats, Wielrennen Zuid-Limburg, Mountainbikeroutes, Mergellandroute, Pietersheim, Kasteel Hoensbroek, Aken, BloteVoetenPark Brunssum, Nederlands Mijnmuseum Heerlen, SnowWorld",,Ja,Ja,Ja,,,,Ja,,,"Sauna, Fietsverhuur, Parkshop, Restaurant, Buitenzwembad, Hond mee op vakantie?, Animatie, Escape Box ''Pyramid'', Aanbevolen route, Foodboxen, Speeltuin, Wasserette, Sanitair",Nee,,,,,,Ja,,,,,Ja,"Ja, sauna",,Nee,,,,,,,,,,,,,,,,Ja,Ja,Ja,,,,Nee,"29.6% Chalet (8), 22.2% Kampeerplaats (6), 18.5% Loge (5), 14.8% Glampingtent (4), 7.4% Tiny house (2), 3.7% Bijzondere accommodatie (1), 3.7% Trekkershut (1)","37% some (10), 37% all (10), 25.9% none (7)",0% (0),0% (0),0% (0)
EuroParcs Hermagor-Nassfeld,2529,https://www.europarcshermagornassfeld.at/,EP,1210204263333101,x,,Oostenrijk ,Oostenrijk,,"46,633743","13,3951688",,,"Skien in Nassfeld, Langlaufen in het Gailtal, Skigebied Weissbriach, Burg Landskron, Nassfeld, Weissensee, Garnitzenklamm, Tennis, Strandbad Hermagor, Weissensee, Strandbad van Schulga, Kerstmarkt in Villach, Kertstmarkt in Klagenfurt, COOL'S Rafting and Outdoor Activities",,Ja,Ja,Ja,,,,Nee,,,"Wintersport, Indoor pool, Sauna & Wellness, WinterCard PREMIUM, Restaurant EuroParcs Hermagor Nassfeld, Games room, Massage, Free +CARD Holiday, Playground, Animation, Swimming pool, Outdoor pool, Escape Box ""Pyramid"", 24/7 Mini-Markt, Petting Zoo, Gym, Bike Rental, Dogs, Bread service, Laundry, Sanitary, Bus, Live webcam, Ski drying room, Ski bus",Nee,,,,,,Ja,,,,,,Ja sauna,,Nee,,,,,,,,,,,,,,,,Ja,Ja,Ja,,,,Nee,"46.2% Kampeerplaats (6), 23.1% Loge (3), 15.4% Appartement (2), 7.7% Chalet (1), 7.7% Trekkershut (1)","84.6% all (11), 15.4% none (2)",0% (0),0% (0),0% (0)
EuroParcs Het Amsterdamse Bos,2530,https://www.europarcshetamsterdamsebos.nl/,EP,1210204263332786,x,,Nederland,Noord-Holland,,"52,2941724","4,8235074",,,"Lovers Canal Cruises, Body Worlds, Artis, Tickets met korting, Boot huren, Fiets- en wandelroutes, Amsterdam, Nationaal Park Zuid-Kennemerland, Marken, Du Monde Escape Rooms Amstelveen, Alkmaar, Keukenhof, Volendam, Golfbaan Beemster, Tours en tickets Amsterdam, Klimpark Fun Forest Amsterdam, Batavia Stad Fashion Outlet, De Bazaar, Forten in de Beemster, Edam, Geitenboerderij Ridammerhoeve, Zaanse Schans, Sup & Meer, Monnickendam, Marker Museum, Recreatiegebied Het Twiske, Hoorn, Zuiver Amsterdam, Haarlem",,Ja,Ja,Ja,,,,Ja,,,"Fietsverhuur, Foodtruck, Self service parkshop, Speeltuin, Foodboxen, Animatieactiviteiten, Sanitair, Braai BBQ, Tickets met korting, Vuurwerkarm, Bereikbaarheid openbaar vervoer, Escape Box ''Pyramid'', Wasserette, Hond mee op vakantie?",Nee,,,,,,,,,,,Ja,,,Nee,,,,,,,,,,,,,,,,"Ja, in het hoogseizoen",Ja,Ja,,,,"Ja, een Braai BBQ + service","25.8% Loge (8), 22.6% Kampeerplaats (7), 19.4% Trekkershut (6), 16.1% Chalet (5), 6.5% Hotel-Studio (2), 6.5% Glampingtent (2), 3.2% Appartement (1)","51.6% all (16), 48.4% some (15)",0% (0),0% (0),0% (0)
EuroParcs Hindeloopen,2531,https://www.europarcshindeloopen.nl/,EP,"1,21021E+15",x,,Nederland,Friesland,,"52,9248637","5,410105",,,"Elfstedenroute, Leeuwarden, Sneek, Het Elfsteden schaatsmuseum, Tickets met korting, Museum Hindeloopen, Fietsroute Hindeloopen, Bossen van Gaasterland, Workum, Makkum, Aqua Zoo Leeuwarden",,Nee,,Ja,,,,Nee,,,"Strand, Broodjesservice, Parkshop, Fietsverhuur, Snackbar, Indoor speeltuin, Speeltuin, Escape Box ''Pyramid'', Vuurwerkarm, Foodboxen, Animatie",Nee,,,,,,,Ja,,Ja,,Ja,,,Nee,Ja,,,,,,,,,,,,,,,Ja in de zomervakantie,Ja,Ja,,,,"Ja, barbecue services","50% Loge (7), 21.4% Chalet (3), 21.4% Tiny house (3), 7.1% Grote accommodatie (1)","42.9% some (6), 42.9% none (6), 14.3% all (2)",0% (0),0% (0),0% (0)
EuroParcs Hoge Kempen,2532,https://www.europarcshogekempen.be/,EP,1210207742416547,x,,België,Limburg,,"50,9264018","5,5518439",,,"Gaiazoo, Thermae 2000, Plopsa Indoor Hasselt, Tickets met korting, Landcommanderij Alden Biesen, Well-Care Privé Wellness & Spa, Natuurhistorisch museum Maastricht, Blotevoetenpad Lieteberg, Openluchtmuseum Bokrijk, Kattevennen, Bezoekerscentrum Lieteberg, Fietsroute 'Fietsen door het water', Kelchterhoef De Plas, Vallei van de Kikbeekbron, Steinerbos, Maasmechelen Village, Terhills, Nationaal Park Hoge Kempen, Avonturenberg, Wandelen Zutendaal, Mechelse Heide, Binnenzwembad de Kimpel, Escape Room, Hasselt, Pietersheim, Karting Genk, Fietsen Zutendaal, Alpaca Reickheim wandeling, C-mine, Sparkx Sportentertainment park",,Ja,Ja,Ja,,,,Nee,,,"Minigolf, Escape Box ''Pyramid'', Fietsverhuur, Restaurant, Yuki's Safari Adventure, Animatieactiviteiten, Spraypark, Foodboxen, Broodjesservice, Binnenspeeltuin, Speeltuin, Fotograaf Foto PK, Buitenzwembad, Binnenzwembad De Kimpel, Hond mee op vakantie?, E-chopper verhuur, Sportveld, Vuurwerkvrij, Oplaadpunt elektrische auto, Massage Body Fit, Vissen, Sanitair",Nee,,,,,,Ja,,,,,,"Ja, sauna",,Ja,,,,,,,,,,,,,,,,Ja,Ja,Ja,,,,Nee,"32.6% Chalet (14), 32.6% Loge (14), 11.6% Glampingtent (5), 9.3% Kampeerplaats (4), 7% Bijzondere accommodatie (3), 2.3% Hotel-Studio (1), 2.3% Tiny house (1), 2.3% Wellness suite (1)","44.2% all (19), 34.9% some (15), 20.9% none (9)",0% (0),2.3% (1),0% (0)
EuroParcs Hooge Veluwe,2533,https://www.europarcsdehoogeveluwe.nl/,EP,1210204263332856,x,,Nederland,Gelderland,Veluwe,"52,0305556","5,8652778",,,"Burgers' Zoo, Nationaal Park De Hoge Veluwe, Kinderpretpark Julianatoren, Paleis Het Loo, Tickets met korting, Ouwehands Dierenpark, Kasteel Rosendael, Kootwijkerzand, Apenheul, Edese Golf Club Papendal, Arnhem, Veluwsche stoomtrein, Fiets- en wandelroutes Hoge Veluwe, Openluchtmuseum Arnhem, Tennissen in Schaarsbergen, Kröller-Müller Museum, Posbank, Huis Zypendaal, Kasteel Doorwerth",,Nee,,Ja,,,,Nee,,,"Animatie activiteiten, Binnenzwembad, Restaurant, Fitness, Parkshop, Broodjes bestellen, Fietsverhuur, E-chopper verhuur, Escape Box ''Pyramid'', Vuurwerkvrij, Speeltuinen, Sport, Wasserette, Buitenzwembad",Nee,,,,,,Ja,,,,,,"Ja, Sauna en Hottub ",,Nee,,,,,,,,,,,,,,,,Ja,Ja,Ja,,,,Nee,"53.7% Loge (36), 29.9% Chalet (20), 4.5% Hotel-Studio (3), 4.5% Vakantiehuis (3), 3% Tiny house (2), 1.5% Grote accommodatie (1), 1.5% Stacaravan (1), 1.5% Wellness suite (1)","38.8% some (26), 38.8% all (26), 22.4% none (15)",0% (0),1.5% (1),1.5% (1)
EuroParcs IJsselmeer,2534,https://www.europarcsijsselmeer.nl/,EP,1210207742416722,x,,Nederland,Noord-Holland,,"52,7637549","5,1160256",,,"Zuiderzeemuseum, Artis, Lovers Canal Cruises, Tickets met korting, Sprookjeswonderland, Medemblik, Stoomtrein Hoorn, Alkmaar, Golfbaan de Vlietlanden, Batavia Stad Fashion Outlet, Fiets- en wandelroutes, Suppen, Klimpark Streekbos, Blotevoetenpad, Regatta Center, Museum BroekerVeiling, Bakkerij museum De Oude Bakkerij, Molen De Herder, Enkhuizen, Oorlogsmuseum Medemblik, Hoorn",,Nee,,Ja,,,,Nee,,,"Verwarmd binnenzwembad, Restaurant, Broodjesservice, Bootverhuur, Zandstrand, Fietsverhuur, Sup verhuur, E-chopper verhuur, Vissen, Speeltuinen, Escape Box ''Pyramid'', Trailerhelling, Foodboxen, Oplaadpunt elektrische auto, Hond mee op vakantie?, Tickets met korting, Vuurwerkarm, Minishop, Animatieactiviteiten",Nee,,,,,,Ja,,,,,,"Ja, Sauna en Jacuzzi ",,Ja ,,,,,,,,,,,,,,,,Ja,Ja,Ja,,,,"Ja, Kamado BBQ ","86.4% Vakantiehuis (19), 9.1% Grote accommodatie (2), 4.5% Loge (1)","50% some (11), 27.3% none (6), 22.7% all (5)",0% (0),40.9% (9),18.2% (4)
EuroParcs Kaatsheuvel,2535,https://www.europarcskaatsheuvel.nl/,EP,1210207742416267,x,,Nederland,Noord-Brabant,Loonse en Drunense Duinen,"51,6608542","5,0624178",,,"De Efteling, Tickets met korting, Nationaal Park De Loonse en Drunense Duinen, Dierenpark De Oliemeulen, De Voltage, Den Bosch, Recreatiepark Pukkemuk, Safaripark Beekse Bergen, Fiets- en wandelroutes, Vestingstad Heusden, Highscore, Doloris' Meta Maze, Nationaal Park De Biesbosch, Holy Moly Trip, Tilburg, Experience Island, Breda, Tilburgse Kermis, Museum Het Schoenenkwartier, Stedelijk Museum Breda",,Nee,,Ja,,,,Nee,,,"Binnenzwembad, Fietsverhuur, Grand Café Het Wapen van Kaatsheuvel, Indoor speeltuin, Yuki speurtocht, Blotevoetenpad, Luxe Steakhouse Het Wapen van Kaatsheuvel, Oplaadpunten elektrische auto’s, X-Cube Escape Room, Kabouterroute, Hond mee op vakantie?, E-chopper verhuur, Foodboxen, Escape Box ''Pyramid'', Animatieactiviteiten, Snackbar, Minimarkt, Buitenzwembad, Minigolf, Vuurwerkvrij, Tickets met korting",Nee,,,,,,,,,,,,"Ja, sauna",,Ja,,,,,,,,,,,,,,,,Ja,Ja,Ja,,,,Nee,"46.7% Chalet (21), 33.3% Loge (15), 6.7% Bijzondere accommodatie (3), 6.7% Tiny house (3), 4.4% Glampingtent (2), 2.2% Grote accommodatie (1)","51.1% all (23), 33.3% some (15), 15.6% none (7)",0% (0),4.4% (2),0% (0)
EuroParcs Kagerplassen,2536,https://www.europarcs-kagerplassen.nl/,EP,"1,21021E+15",x,,Nederland,Zuid-Holland,,"52,199911","4,5539545",,,"Archeon Museumpark, Corpus experience, Wellnessresort Elysium, Tickets met korting, Leiden, Binnenzwembad De Does, Duinrell, Keukenhof, Bloemencorso, Westfield Mall of the Netherlands, Tulip Experience, Elektrische GPS audiotour met Renzy, Het LAM museum",,Nee,,Ja,,,,Nee,,,"Jachthaven, Jeu de boules, Fietsverhuur, Parkshop, Broodjesservice, Escape Box ''Pyramid'', Kanoverhuur, Activiteitenkalender, Foodboxen, Wasserette, Vuurwerkvrij, Speeltuin, Airtrampoline, Sup verhuur, Bootverhuur, Tafeltennistafels",Nee,,,,,,,,,,,Ja,"Ja, Sauna en Hottub ",,Nee,,,,,,,,,,,,,,,,Ja,Ja ,Ja,,,,Nee,"28.6% Chalet (6), 23.8% Active Owner Accommodaties (5), 23.8% Loge (5), 19% Ligplaatsen (4), 4.8% Tiny house (1)","66.7% all (14), 28.6% some (6), 4.8% none (1)",0% (0),0% (0),4.8% (1)
EuroParcs Kohnenhof,2537,https://www.europarcskohnenhof.lu/nl,EP,1210206600221067,x,,Luxemburg ,,,"50,0165885","6,1359707",,,"AquaNat’Our, Müllerthal, Wandelen, Vianden, Echternach, Clervaux, Luxembourg Card, Kopermijn Museum, Kasteel van Clervaux, Natuurpark Boven-Sûre",,Ja,Ja,Ja,,,,Nee,,,"Restaurant, Speeltuinen, Multiplay, Tafeltennis, Winkel & broodjes, Bistro, Snackbar, Fitnessruimte, Oplaadpunt elektrische auto, Escape Box ''Pyramid'', Animatieactiviteiten, Vissen, Wasserette, Vuurwerkvrij",Nee,,,,,,Ja,,,,,,Nee,,Ja,,,,,,,,,,,,,,,,Ja,Ja,Ja,,,,Nee,"35.7% Kampeerplaats (5), 28.6% Chalet (4), 28.6% Loge (4), 7.1% Tiny house (1)","64.3% all (9), 28.6% some (4), 7.1% none (1)",0% (0),0% (0),0% (0)
EuroParcs Koningshof,2538,https://www.europarcskoningshof.nl/,EP,1210206602218415,x,,Nederland,Noord-Holland,,"52,6908692","4,7015091",,,"Lovers Canal Cruises, Body Worlds, Artis, Tickets met korting, Nationaal Park de Schoorlse Duinen, Speelpark De Goudvis, Zee Aquarium, Fiets- en wandelroutes, Bergen, Alkmaar, Mountainbike Parcours Schoorl, Petten aan Zee, Hoorn, Medemblik, Dierenpark Van Blanckendaell Park, Alpaca Eco Farm, Museum BroekerVeiling, Zaanse Schans, Land van Fluwel, Marinemuseum, Forten in de Beemster, Sint-Adelbertabdij, Watersport in Schoorl",,Nee,,Ja,,,,Nee,,,"Fietsverhuur, Broodjesservice, Wasserette, Foodboxen, Speeltuin, Activiteitenkalender, Escape Box ''Pyramid'', Oplaadpunt elektrische auto's, Vuurwerkarm",Nee,,,,,,,,,,,Ja,"Ja, Sauna en Jacuzzi ",,Ja,,,,,,,,,,,,,,,,Ja in de zomervakantie,Ja,Ja,,,,Ja,"72.7% Vakantiehuis (8), 27.3% Loge (3)","45.5% some (5), 45.5% all (5), 9.1% none (1)",0% (0),18.2% (2),9.1% (1)
EuroParcs Limburg,2539,https://www.europarcslimburg.nl/,EP,1210207742416442,x,,Nederland,Limburg,Midden-Limburg,"51,0699024","5,8858717",,,"Fiets- en wandelroutes, Stoomtrein 'Miljoenenlijn', Toverland, De grotten van Valkenburg, Susteren, Kasteelpark Born, Designer Outlet Roermond, All in Echt Activiteitenlocatie, SnowWorld, Maasmechelen Village, GaiaZoo, Aken, Terhills, Footgolf, IJzerenbos, Tickets met korting, Max Verstappen Store, Thermae 2000, Brunssummerheide, Golfbaan Brunssummerheide, Nederlands Mijnmuseum Heerlen, Drielandenpunt en Vaalserberg, Beaver Creek Wake Park, Thermenmuseum, Mechelse Heide, Valkenburg, Wielrennen Zuid-Limburg, Golfbaan Echt-Susteren",,Nee,,Ja,,,,Nee,,,"Binnenzwembad, Wellness Center, Yuki's Winter Wonderland, Indoor speelparadijs, Yuki's Safari Adventure, Restaurant, Funzone, Escape Box ''Pyramid'', Animatieactiviteiten, E-chopper verhuur, Foodboxen, Multifunctioneel sportveld, Wasserette, Fietsverhuur, Dorpsplein, Strandbad, Snackbar, Self service parkshop, Tickets met korting, Hondenweide, Dierenweide, Minigolf, Sup verhuur, Hond mee op vakantie?, Oplaadpunt elektrische auto, Vissteiger, Natuurspeeltuin",Nee,,,,,,Ja,,,,,Ja,"Ja, Sauna ",,Ja,,Ja,,,,,,,,,,,,,,Ja in de zomervakantie,Ja,Ja,,,,Nee,"44.4% Loge (32), 25% Chalet (18), 22.2% Grote accommodatie (16), 4.2% Groepsaccommodatie (3), 2.8% Vakantiehuis (2), 1.4% Tiny house (1)","51.4% all (37), 41.7% some (30), 6.9% none (5)",0% (0),15.3% (11),0% (0)
EuroParcs Maasduinen,2540,https://www.europarcsmaasduinen.nl/,EP,1210204263332926,x,,Nederland,Limburg,Midden-Limburg,"51,3067264","6,1464443",,,"Toverland, Mind Mystery, Tickets met korting, Nationaal Park de Maasduinen, Speelpark Klein Zwitserland, Designer Outlet Roermond, Wandel- en fietsroutes Belfeld, Thermaalbad Arcen, Kasteeltuinen Arcen, Steyl, Golfclub De Herkenbosche, Hertog Jan Brouwerij, Euro Indoorkarting & Bowling Swalmen, Klimpark Fun Forest Venlo-Tegelen",,Ja,Ja,Ja,,,,Ja,,,"Overdekt zwembad & Infrarood sauna, Restaurant Sophia's, Fietsverhuur, Broodjesservice, Foodboxen, Strand- en natuurmeer, Animatieactiviteiten, Mini dierenweide, Self service parkshop, E-chopperverhuur, Escape Box ''Pyramid'', Sup verhuur, Tickets met korting, Wasserette, Speeltuin, Hond mee op vakantie?, Fitness, Vuurwerkvrij",Nee,,,,,,Ja,,,,,,"Ja, sauna",,Nee,,,,,,,,,,,,,,,,Ja,Ja,Ja,,,,Nee,"51.9% Loge (28), 35.2% Chalet (19), 3.7% Tiny house (2), 3.7% Glampingtent (2), 1.9% Grote accommodatie (1), 1.9% Vakantiehuis (1), 1.9% Kampeerplaats (1)","51.9% all (28), 42.6% some (23), 5.6% none (3)",0% (0),3.7% (2),0% (0)
EuroParcs Marina Strandbad,2541,https://www.europarcsmarinastrandbad.nl/,EP,"1,21021E+15",x,,Nederland,Gelderland,IJssel,"52,0384082","6,1339617",,,"Burgers' Zoo, Apenheul, Paleis Het Loo, Tickets met korting, Veluwsche stoomtrein, Nationaal Park De Hoge Veluwe, Arnhem, Posbank, Bronckhorster Brewing Company, Openluchtmuseum Arnhem, 8 Kastelenroute, Kasteel Vorden, Bronkhorst, Zutphen, Beachclub & Waterskibaan, Het Land van Jan Klaassen, Wijnroutes en wijnproeven Achterhoek, Padellen Apeldoorn",,Ja,Ja,Ja,,,,Nee,,,"Fietsverhuur, E-chopper verhuur, Broodjesservice, Restaurant, Verwarmd buitenzwembad, Animatieactiviteiten, Escape Box ''Pyramid'', Jachthaven, Bootverhuur, Wellnesscentrum, Strandje aan de rivier, Minimarkt, Speeltuinen, Sup- en kano verhuur, Vissen, Wasserette, Foodboxen, Fitnessruimte, Bereikbaarheid openbaar vervoer, Tickets met korting",Nee,,,,,,Ja,,,,,,"Ja, hottub, sauna en wellnesscentrum ",,Nee,,,,,,,,,,,,,,,,Ja,Ja,Ja,,,,Nee,"40.9% Loge (18), 27.3% Chalet (12), 6.8% Active Owner Accommodaties (3), 6.8% Kampeerplaats (3), 4.5% Grote accommodatie (2), 4.5% Tiny house (2), 4.5% Wellness suite (2), 2.3% Ligplaatsen (1), 2.3% Bijzondere accommodatie (1)","47.7% all (21), 43.2% some (19), 9.1% none (4)",0% (0),6.8% (3),2.3% (1)
EuroParcs Markermeer,2542,https://www.europarcsmarkermeer.nl/,EP,"1,21021E+15",x,,Nederland,Noord-Holland,,"52,68681","5,25291",,,"Zuiderzeemuseum, Dolfinarium, Walibi Holland, Tickets met korting, Sprookjeswonderland, Binnenzwembad Enkhuizerstrand, Happy days Noord-Holland, Batavia Stad Fashion Outlet, Enkhuizen, Batavialand, Hoorn, Hoornse Kermis, Blotevoetenpad, Klimpark Streekbos, Best Escape Room Purmerend, Medemblik, Forten in de Beemster, Alkmaar, Volendam, Fiets- en wandelroutes, Suppen, Paardenraces, Dirk de Wit Mode",,Nee,,Ja,,,,Nee,,,"Broodjesservice, Hond mee op vakantie?, Foodboxen, Escape Box ''Pyramid'', Sup verhuur, Speeltuinen, Activiteitenkalender, Tickets met korting, Bereikbaarheid openbaar vervoer, Vuurwerkvrij",Nee,,,,,,,,,,,,,,Nee,,,,,,,,,,,,,,,,,Ja,Ja,,,,Nee,"58.3% Loge (7), 33.3% Chalet (4), 8.3% Tiny house (1)","58.3% all (7), 41.7% some (5)",0% (0),0% (0),0% (0)
EuroParcs Molengroet,2543,https://www.europarcsmolengroet.nl/,EP,1210206602218555,x,,Nederland,Noord-Holland,,"52,6944729","4,7704154",,,"Lovers Canal Cruises, Body Worlds, Artis, Tickets met korting, Zee Aquarium, Alkmaar, Recreatiegebied Geestmerambacht, Amsterdam, Nationaal Park de Schoorlse Duinen, Land van Fluwel, Volendam, Tulpenvelden Anna Paulowna, Fort Resort Beemster, Alpaca Eco Farm, Zaanse Schans, Recreatiegebied Het Twiske, Winters winkelen in Alkmaar, Hoorn, Schermer Molens, Monnickendam, Marinemuseum, Petten aan Zee, Bergen, Enkhuizen, Edam, Museum BroekerVeiling",,Ja,Ja,Ja,,,,Ja,,,"Restaurant, Sportfaciliteiten, Fietsverhuur, Parkshop, Dierenweide, Escape Box ''Pyramid'', Hond mee op vakantie?, Foodboxen, Sanitair, Vuurwerkarm, Speeltuinen, Animatieprogramma, Buitenzwembad, Tickets met korting, Wasserette",Nee,,,,,,Ja,,,,,Ja,Nee,,Nee,,,,,,,,,,,,,,,,Ja,Ja,Ja,,,,Nee,"37.5% Loge (12), 25% Chalet (8), 21.9% Glampingtent (7), 9.4% Kampeerplaats (3), 3.1% Groepsaccommodatie (1), 3.1% Stacaravan (1)","50% all (16), 28.1% some (9), 21.9% none (7)",0% (0),0% (0),0% (0)
EuroParcs Noordwijkse Duinen,2544,https://www.europarcsnoordwijkseduinen.nl/,EP,1210207742416652,x,,Nederland,Zuid-Holland,,"52,286621","4,4898701",,,"Archeon Museumpark, Corpus experience, Diergaarde Blijdorp, Tickets met korting, Fiets- en wandelroutes, Tulip Experience, Leiden, Amsterdamse Waterleidingduinen, Golfbanen Noordwijkerhout, Elektrische GPS audiotour met Renzy, Escape Room Zandvoort, Zandvoort, Noordwijk = heilzame badplaats, Nationaal Park Zuid-Kennemerland, Bloemencorso, Volkssterrenwacht Copernicus, Keukenhof, Het LAM museum, Haarlem, Duinrell",,Ja,Ja,Ja,,,,Nee,,,"Fietsverhuur, E-chopper, Self service parkshop, Foodboxen, Verwarmd buitenzwembad, Animatieprogramma, Broodjesservice, Wasserette, Tickets met korting, Vuurwerkvrij, Activiteitenkalender, Speeltuin, Yuki speurtocht, Escape Box ''Pyramid'', Boek jouw vakantie met de hond!, Oplaadpunt elektrische auto",Ja,,Ja,,,,,,,,,Ja,,"Ja, accommodaties met jacuzzi",Ja,,,,,,,,,,,,,,,,"Ja, in de schoolvakanties",Ja,Ja,,,,"Ja, barbecue services","44.4% Chalet (8), 33.3% Loge (6), 11.1% Appartement (2), 5.6% Stacaravan (1), 5.6% Kampeerplaats (1)","50% some (9), 50% all (9)",0% (0),0% (0),5.6% (1)
EuroParcs Ossiacher See,2545,https://www.europarcsossiachersee.at/,EP,1210204263333136,x,,Oostenrijk ,Oostenrijk,,"46,6636838","13,9744065",,,"Skigebied Gerlitzen Alpen, Thermale baden, Rodelen, Villach, Schaatsen, Klagenfurt, Kabelbanen Gerlizten, Burg Landskron, Zomerrodelbaan, Ossiacher See boottocht, Klimpark Familywald, Golfbaan, Dierenpark, Minimundus, Grotten Bad Eiselkappel, Terra Mystica, Reptilienzoo Happ, Natuurpark Dobratsch",,Nee,Nee,Ja,,,,Nee,,,"Gratis Erlebnis CARD, Wintersport, Restaurant Martinz, Mountainbike routes, Minigolf, Winter Karinthië Kaart, Broodjesservice, Strand, Speeltuin, Animatie, Sport & Spel, Watersport, Escape Box ''Pyramid'', Parkshop, Vissen, Wasserette",Nee,,,,,,Ja,,,,,,"Ja, Jacuzzi ",,Nee,,,,,,,,,,,,,,,,Ja,Ja,Ja,,,,Nee,"43.8% Chalet (7), 31.3% Loge (5), 12.5% Kampeerplaats (2), 6.3% Hotel-Studio (1), 6.3% Tiny house (1)","62.5% all (10), 25% some (4), 12.5% none (2)",0% (0),0% (0),12.5% (2)
EuroParcs Parc du Soleil,2546,https://www.europarcsparcdusoleil.nl/,EP,1210207792926601,x,,Nederland,Noord-Holland,,"52,2703498","4,4748261",,,"Archeon Museumpark, Corpus experience, Diergaarde Blijdorp, Tickets met korting, Fiets- en wandelroutes, Westfield Mall of the Netherlands, Duinrell, Leiden, Keukenhof, Bloemencorso, Buitenzwembad Aarweide, Haarlem, Bowlen en virtual golfen, Golfbanen Noordwijkerhout, Escape Room Zandvoort, Jumpin' Noordwijk, Het LAM museum, Amsterdamse Waterleidingduinen, Museum Engelandvaarders, Nationaal Park Zuid-Kennemerland, Linnaeushof, De Rollygolf, Elektrische GPS audiotour met Renzy, Spa & Wellnesscentrum Azzurro",,Nee,,Ja,,,,Nee,,,"Binnenzwembad, Restaurant Eeterij de Beleving, Self service parkshop, Binnenspeeltuin, Foodboxen, Speeltuinen, Fietsverhuur, Escape Box ''Pyramid'', Oplaadpunt elektrische fiets, Animatie, Oplaadpunt elektrische auto, Hond mee op vakantie?, Wasserette, Bereikbaarheid openbaar vervoer, Vuurwerkvrij",nee,,,,,,Ja,,,,,,Nee,,Ja,,,,,,,,,,,,,,,,Ja,Ja,Ja,,,,Nee,"64.3% Chalet (9), 35.7% Loge (5)","57.1% all (8), 28.6% some (4), 14.3% none (2)",0% (0),0% (0),0% (0)
EuroParcs Poort van Amsterdam,2547,https://www.europarcspoortvanamsterdam.nl/,EP,1210207742416232,x,,Nederland,Noord-Holland,,"52,4276919","5,0741816",,,"Lovers Canal Cruises, Body Worlds, Artis, Tickets met korting, NEMO Science Museum, Hoorn, Groepsuitjes Volendam, Volendam, Zaanse Schans, Stoomtrein Hoorn, Monnickendam, Jump Skillz Purmerend, Amsterdam, Marken Express, Boot huren, Marken, Fort Resort Beemster, Batavia Stad Fashion Outlet, Rijksmuseum, Recreatiegebied Twiske-Waterland, Marker Museum, Schermer Molens, Simonehoeve, Edam, Fiets- en wandelroutes, Bowling De Zedde, Heineken Experience",,Ja,Ja,Ja,,,,Nee,,,"Binnenzwembad, Wellness, Restaurant, Jachthaven, Indoor speeltuin, Vissen, Fietsverhuur, Foodboxen, Bereikbaarheid openbaar vervoer, E-chopper verhuur, Hond mee op vakantie?, Tickets met korting, Minimarkt, Speeltuin, Minigolf, Sup verhuur, Sanitair, Escape Box ''Pyramid'', Vuurwerkvrij, Snackbar, Broodjesservice, Animatieactiviteiten",Nee,,,,,,,,,,,,"Ja, sauna",,Nee,,,,,,,,,,,,,,,,Ja,Ja,Ja,,,,Nee,"27.7% Loge (13), 25.5% Grote accommodatie (12), 17% Vakantiehuis (8), 14.9% Kampeerplaats (7), 6.4% Appartement (3), 4.3% Ligplaatsen (2), 2.1% Groepsaccommodatie (1), 2.1% Hotel-Studio (1)","51.1% all (24), 25.5% some (12), 23.4% none (11)",0% (0),17% (8),0% (0)
EuroParcs Poort van Maastricht,2548,https://www.europarcspoortvanmaastricht.nl/,EP,"1,21021E+15",x,,Nederland,Limburg,Zuid-Limburg,"50,8599945","5,77242",,,"GaiaZoo, Thermae 2000, Plopsa Indoor Hasselt, Tickets met korting, Maastricht, Valkenburg, De grotten van Valkenburg, Drielandenpunt en Vaalserberg, Wielrennen Zuid-Limburg, Zien en doen overzicht, Vakwerkhuizen en asperges, Mountainbikeroutes, Kasteel Hoensbroek, Nederlands Mijnmuseum Heerlen, Holland Casino, SnowWorld, Pop on Top",,Ja,Ja,Ja,,,,Nee,,,"Fietsverhuur, Restaurant, Sauna, Binnenzwembad, Animatie, Speeltuinen, Sportvelden, Self service parkshop, Oplaadpunt elektrische auto, Foodboxen, Escape Box ''Pyramid'', Wasserette, Honden, Sanitair",Nee,,,,,,Ja,,,,,,Nee,,Ja,,,,,,,,,,,,,,,,Ja,Ja,Ja,,,,Nee,"33.3% Chalet (4), 25% Loge (3), 16.7% Glampingtent (2), 16.7% Kampeerplaats (2), 8.3% Tiny house (1)","66.7% some (8), 25% all (3), 8.3% none (1)",0% (0),0% (0),0% (0)
EuroParcs Poort van Zeeland,2549,https://www.europarcspoortvanzeeland.nl/,EP,1210207742416337,x,,Nederland,Zuid-Holland,,"51,8382347","4,0899033",,,"Tickets met korting, Sportcomplex De Eendr8, De Struytse Hoeck, Hellevoetsluis, Deltapark Neeltje Jans, Zeehondenopvang A Seal, Strand van Rockanje, Geitenboerderij De Mèkkerstee, Fiets- en wandelroutes, Middelburg, Rotterdam, Quackstrand, Diergaarde Blijdorp, Kitesurfschool Rockanje, Natuurgebied Voornes Duin, Zeilschool Hellevoetsluis, Euromast",,Nee,,Ja,,,,Nee,,,"Bootverhuur, Fietsverhuur, Friends and Bites, Strand, Animatieactiviteiten, Vuurwerkarm, Minimarkt & broodjesservice, Escape Box ''Pyramid'', E-chopper verhuur, Speeltuin, Hond mee op vakantie?, Wasserette, Vissen vanaf de boot, Foodboxen, Adventuredome, Bereikbaarheid openbaar vervoer",Nee,,,,,,,,,,,Ja,,,Nee,,,,,,,,,,,,,,,,Ja,Ja,Ja,,,,Nee,"44.8% Loge (13), 34.5% Chalet (10), 17.2% Grote accommodatie (5), 3.4% Tiny house (1)","48.3% all (14), 48.3% some (14), 3.4% none (1)",0% (0),3.4% (1),0% (0)
EuroParcs Pressegger See,2550,https://www.europarcspresseggersee.at/,EP,1210207742416582,x,,Oostenrijk,,,"46,6322103","13,4463523",,,"Burg Landskron, Garnitzenklamm, Nassfeld, Pressegger See, Weissensee, Villach, Klagenfurt, Suppen, COOL´S Rafting and Outdoor Activities, Skiën in Nassfeld",,Ja,Ja,Ja,,,,Ja,,,"AlpinSPA bij EuroParcs Hermagor · Nassfeld, Massage, Fitnessruimte, Wintersport, WinterCard PREMIUM, Gratis +CARD Holiday, Skibus, Restaurant, Speeltuin, Escape Box ''Pyramid'', Animatie, Buitenzwembad, Strandbad van Schluga, Air Trampoline, Strandbad Hermagor, Parkshop, Bus, Broodjesservice, Sportwinkel, Melkautomaat, Droogruimte voor ski's, Wasserette",Nee,,,,,,Ja,,,,,,,,Nee,,Ja,,,,,,,,,,,,,,Ja,Ja,Ja,,,,Nee,"53.3% Loge (8), 40% Chalet (6), 6.7% Kampeerplaats (1)","53.3% all (8), 40% some (6), 6.7% none (1)",0% (0),0% (0),0% (0)
EuroParcs Reestervallei,2551,https://www.europarcsreestervallei.nl/,EP,1210206602218625,x,,Nederland,Overijssel,Vechtdal,"52,6539087","6,3117822",,,"Nationaal Park Weerribben-Wieden, Giethoorn, Fiets- en wandelroutes, Hunebedcentrum, Verkeers & Attractiepark Duinen Zathe, Attractiepark Slagharen, Plopsa Indoor Coevorden, Tickets met korting, Speelvijver Zwarte Dennen, De Flierefluiter, Wildlands Adventure Zoo, Strand Nijstad, Zwolle, Speel- en ijsboerderij De Drentse Koe, Fiets- en wandelroutes Drenthe, Vogelpark Ruinen, Meppel, Nationaal Park Dwingelderveld, De Luie Tuinman, Staphorst",,Ja,Ja,Ja,,,,Ja,,,"Snackbar, Fietsverhuur, Dierenweide, Buitenzwembad, Escape Box ''Pyramid'', Speeltuin, Broodjesservice, Hond mee op vakantie?, Foodboxen, Wasserette",Ja,,Ja,,,,,,,,,Ja,,"Ja, accommodaties met sauna",Nee,,,,,,,,,,,,,,,,,Ja,Ja,,,,"Ja, barbecue services","45.7% Loge (16), 31.4% Chalet (11), 8.6% Tiny house (3), 5.7% Glampingtent (2), 2.9% Groepsaccommodatie (1), 2.9% Grote accommodatie (1), 2.9% Kampeerplaats (1)","74.3% all (26), 22.9% some (8), 2.9% none (1)",0% (0),2.9% (1),0% (0)
EuroParcs Ruinen,2553,https://www.europarcsruinen.nl/,EP,1210206602218345,x,,Nederland,Drenthe ,,"52,7748708","6,3695654",,,"Verkeers & Attractiepark Duinen Zathe, Attractiepark Slagharen, Plopsa Indoor Coevorden, Tickets met korting, Nationaal Park Dwingelderveld, Fiets- en wandelroutes Drenthe, Speel- en ijsboerderij De Drentse Koe, Wildlands Adventure Zoo, Herinneringscentrum Kamp Westerbork, Klimbos Appelscha, Geopark De Hondsrug, Atelier en Galerie Femke Anne, Nationaal Park Drents-Friese Wold, Meppel, Shakespearetheater, Giethoorn, De Luie Tuinman, Strand Nijstad, De Sluisdagen, Museum De Proefkolonie, Vogelpark Ruinen, Nationaal Park Weerribben-Wieden",,Ja,Ja,Ja,,,,Ja,,,"Animatie, Binnenzwembad, Minigolf, Fietsverhuur, Buitenzwembad Ruinen, E-Chopper verhuur, Sauna, Escape Box ''Pyramid'', Indoor speeltuin, Kinderboerderij, Tickets voor uitjes, Snackbar, Foodboxen, Restaurant, Sanitair, Self service parkshop, Hond mee op vakantie?, Speeltuinen, Wasserette, Hondenspeelweide, Natuurspeeltuin, Hondenroute op het park",Nee,,,,,,Ja,,,,,Ja,"Ja, Hottub",,Nee,,,,,,,,,,,,,,,,Ja ,Ja,Ja,,,,Nee,"48.4% Loge (15), 22.6% Chalet (7), 9.7% Glampingtent (3), 6.5% Bijzondere accommodatie (2), 6.5% Tiny house (2), 6.5% Kampeerplaats (2)","64.5% all (20), 32.3% some (10), 3.2% none (1)",0% (0),0% (0),9.7% (3)
EuroParcs Schoneveld,2554,https://www.europarcsschoneveld.nl/,EP,1210207742416757,x,,Nederland,Zeeland,,"51,401074","3,534103",,,"Deltapark Neeltje Jans, Maritiem Muzeeum Zeeland, Tickets met korting, Knokke-Heist, Vlissingen, Breskens, Sluis, Gastvrij Zeeuws Vlaanderen, Fiets- en wandelroutes Breskens, Rondvaart Westerschelde, Natuurpark Het Zwin, Brugge",,Nee,,Ja,,,,Nee,,,"Bowlingcentrum, Restaurant, Fietsverhuur, Indoor speelruimte, Vuurwerkvrij, Animatieactiviteiten, Snackbar, Wasserette, Foodboxen, E-chopper verhuur, Tickets met korting, Escape Box ''Pyramid'', Speeltuinen, Overdekt zwembad, Parkshop, Wellnesscentrum",Nee,,,,,,Ja,,,,,,"Ja, sauna, hottub en jacuzzi",,Nee,,Ja,,,,,,,,,,,,,,Ja,Ja,Ja,,,,Ja Kamado BBQ,"71.4% Loge (35), 26.5% Chalet (13), 2% Hotel-Studio (1)","51% all (25), 46.9% some (23), 2% none (1)",0% (0),0% (0),0% (0)
EuroParcs Spaarnwoude,2555,https://www.europarcsspaarnwoude.nl/,EP,1210207742416477,x,,Nederland,Noord-Holland,,"52,3954198","4,753829",,,"Artis, Body Worlds, Lovers Canal Cruises, Tickets met korting, Amsterdam, Haarlem, Alkmaar, Zaanse Schans, Recreatiegebied Twiske-Waterland, Batavia Stad Fashion Outlet, Golfbaan Spaarnwoude, Amsterdam The Style Outlet, Fort Resort Beemster, Klimpark Fun Forest Amsterdam, Monnickendam, Boot huren, Volendam, SnowWorld, Edam, Schermer Molens",,Nee,,Ja,,,,Nee,,,"Binnenzwembad & Wellness, Restaurant, Fietsverhuur, Fitness, Activiteitenkalender, Bereikbaarheid openbaar vervoer, Foodboxen, Parkshop, Ontbijt Service, Escape Box ''Pyramid'', Snackbar, Dierenweide, Hond mee op vakantie?, Skelterverhuur, Speeltuinen, Wasserette, Vuurwerkarm, Tickets met korting",Ja,Ja,,,,,Ja,,,,,Ja,"Ja, privé wellness en centrale wellness ruimte",,Nee,,,,,,,,,,,,,,,,,Ja,Ja,,,,"Ja, barbecue services","53.5% Loge (23), 34.9% Chalet (15), 4.7% Grote accommodatie (2), 4.7% Active Owner Accommodaties (2), 2.3% Bijzondere accommodatie (1)","44.2% some (19), 39.5% all (17), 16.3% none (7)",0% (0),2.3% (1),0% (0)
EuroParcs Texel,2517,https://www.europarcstexel.nl/,EP,"1,21021E+15",x,,Nederland,Texel ,,"53,0993967","4,8040867",,,"Vuurtoren Texel, Ecomare, Schapenboerderij Texel, Museum Kaap Skil, Tickets met korting, Oudheidkamer Texel, Museum Waelstee, Veerdienst Den Helder, Maritiem- en juttersmuseum Flora, Restaurants Texel, Supermarkten Texel, IJsboerderij Labora, Markt Texel, Wandelen en fietsen Texel, Texelhopper, Zwembaden Texel, Texelse Brouwerij, De Slufter, Rondvaarten Texel",,Nee,,Ja,,,,Nee,,,"Activiteitenkalender, Animatieruimte, Broodjesservice, Fietsverhuur, Speelweide, Receptie, Escape Box ''Pyramid'', Wasserette, Vuurwerkvrij, Tafeltennis",Nee,,,,,,,,,,,Ja,"Ja, hottub en sauna",,Nee,,,,,,,,,,,,,,,,Ja,Ja,Ja,,,,"Ja, Kamado BBQ ","42.9% Vakantiehuis (3), 28.6% Chalet (2), 28.6% Loge (2)","42.9% all (3), 28.6% none (2), 28.6% some (2)",0% (0),42.9% (3),42.9% (3)
EuroParcs Veluwemeer,2502,https://www.europarcsveluwemeer.nl/,EP,1210207795900012,x,Rick,Nederland,Gelderland,"Veluwemeer, Veluwe","52,3918223","5,7350132",,,"Dolfinarium, Walibi Holland, Luchthavenmuseum Aviodrome, Tickets met korting, Fiets- en wandelroutes, Batavia Stad Fashion Outlet, Veluwemeer, Nunspeet, Harderwijk, Het Verscholen Dorp",Onbekend,Nee,Nee,Ja,Ja,Ja,Ja,Ja,Nee,"Lowlands, Defqon","Animatieactiviteiten, Buitenzwembad, Minimarkt, Restaurant, Watersport centrum, Jachthaven, Bootverhuur, Escape Box ''Pyramid'', Strand, Hond mee op vakantie?, Wasserette, Oplaadpunt elektrische auto, Foodboxen, Vuurwerkarm, Snackbar, Fietsverhuur, E-chopperverhuur, Interactieve speeltoestellen",Ja,Nee,Ja,Ja,Ja,Nee,Ja,Nee,Ja,Ja,Nee,Ja,Nee,"Ja, accommodaties met sauna en hottub",Ja,,,Ja,Ja,Nee,Nee,Ja,Ja,Ja,Nee,Ja,Ja,,Nee,Ja,Ja,Ja,Ja,Nee,Nee,"Ja, meer",Ja Kamado BBQ,"35% Loge (14), 32.5% Chalet (13), 12.5% Grote accommodatie (5), 7.5% Tiny house (3), 7.5% Glampingtent (3), 2.5% Ligplaatsen (1), 2.5% Active Owner Accommodaties (1)","67.5% all (27), 25% some (10), 7.5% none (3)",0% (0),5% (2),2.5% (1)
EuroParcs Wörthersee,2557,https://www.europarcsworthersee.at/,EP,1210206602218695,x,,Oostenrijk ,Karinthië ,,"46,6177913","14,1040557",,,"Klagenfurt, Pyramidenkogel, Minimundus, Villach, Reptilienzoo Happ, Kasteel Hochosterwitz, Zauberwald Rauschelesee, Burg Landskron",,Ja,Ja,Ja,,,,Nee,,,"Wörthersee Plus Card/Fietsverhuur, Broodjesservice, Privétoegang tot het meer en zwemsteiger, Parkshop, Game room, Escape Box ''Pyramid'', Sanitair, Wasserette, Honden toegestaan, Openbaar vervoer",Nee,,,,,,,,,,,Ja,,,Nee,,,,,,,,,,,,,,,,,Ja,Ja,,,,Nee,"25% Appartement (4), 18.8% Chalet (3), 12.5% Hotel-Studio (2), 12.5% Loge (2), 12.5% Kampeerplaats (2), 12.5% Trekkershut (2), 6.3% Vakantiehuis (1)","81.3% all (13), 12.5% none (2), 6.3% some (1)",0% (0),0% (0),0% (0)
EuroParcs Zilverstrand,2558,https://www.europarcszilverstrand.be/,EP,1210204263332961,x,,België,Antwerpen ,,"51,2097444","5,1722133",,,"Bobbejaanland, Rofra Kanotocht Borkel, Plopsa Indoor, Tickets met korting, Antwerpen, Fiets- en wandelroutes, GlazenHuis, Zilvermeer, De 15 Kapellekes, Pakawi Park, Overnachten tijdens Graspop?, 't Soete, Nationaal Park Hoge Kempen, Hasselt, Abdij van Postel, Lommelse Sahara",,Ja,Ja,Ja,,,,Ja,,,"Overdekt zwembad, Restaurant, Fietsverhuur, Indoor en outdoor speeltuin, Natuurbad, Sup verhuur, Minimarket, Hond mee op vakantie?, Vuurwerkvrij, Snackbar, Animatie, Beachbar, E-chopper verhuur, Escape Box ''Pyramid'', Foodboxen, Visvijver",Nee,,,,,,Ja,Ja,,,,Ja,,,Nee,,,,,,,,,,,,,,,,Ja,Ja,Ja ,,,,Nee,"40.4% Loge (19), 27.7% Chalet (13), 12.8% Glampingtent (6), 6.4% Stacaravan (3), 6.4% Kampeerplaats (3), 4.3% Appartement (2), 2.1% Groepsaccommodatie (1)","38.3% all (18), 34% some (16), 27.7% none (13)",0% (0),0% (0),0% (0)
EuroParcs Zuiderzee,2559,https://www.europarcs-zuiderzee.nl/,EP,"1,21021E+15",x,,Nederland,Flevoland ,Veluwemeer,"52,4465001","5,7938028",,,"Walibi Holland, Tickets met korting, Elburg, Batavia Stad Fashion Outlet, Indoor zandsculpturen tentoonstelling, Fiets- en wandelroutes, Dolfinarium, Luchthavenmuseum Aviodrome, Kampen, Batavialand, Nationaal Park Nieuw Land, Klimbos Harderwijk, Harderwijk, Dierenpark Amersfoort, Nunspeet, Zwolle, Sauna- en wellnessresort Zwaluwhoeve",,Ja,Ja,Ja,,,,Ja,,,"Binnenzwembad, Animatie, Yuki's Winter Wonderland, Bowlingbaan, Pizzeria, Speeltuinen en sportvelden, Supermarkt, Tiener Chill out, Strand, Minigolf, Café, Beachclub Zuiderzee, Escape Box ''Pyramid'', Indoorspeeltuin, Snackbar, Restaurant, Bootverhuur, Camping | Kamperen, Jachthaven Rivièra Beach, Glamping, Wasserette, Fietsverhuur, Foodboxen, E-chopper verhuur, Spelletjeshal, Yuki speurtocht",Nee,,,,,,Ja,,Ja,,Ja,,"Ja, Hottub en Sauna ",,Nee,,Ja,,,,,,,,,,,,,,Ja,Ja,Ja,,,,Nee,"31.8% Loge (35), 20.9% Chalet (23), 20% Ligplaatsen (22), 9.1% Grote accommodatie (10), 6.4% Glampingtent (7), 4.5% Tiny house (5), 3.6% Kampeerplaats (4), 1.8% Bijzondere accommodatie (2), 0.9% Wellness suite (1), 0.9% Active Owner Accommodaties (1)","60% all (66), 29.1% some (32), 10.9% none (12)",0% (0),4.5% (5),3.6% (4)
Austria Parks Camping am Arlberg,2172,https://www.austria-parks.com/camping-am-arlberg,x,1205779469461391,x,Caner,Oostenrijk ,Tirol,,"47,1446995","10,3378524",,,"Skiing area Arlberg, Snow parks, Tobogganing, Winter competitions, Vibrant nightlife and après-ski, Sports park arl.rock, Museum St. Anton, Culinary bliss, Art gallery Arlberg, Museum Alter Nessler Thaja, Winter walk across the Arlberg, Bus to St. Anton, Hiking routes, Cycling, mountain biking, and speed cycling, Mountainbike mountain EldoRADo Bike Areal Verwall, Rope course Verwalltal | Camping am Arlberg | Austria Parks, GPS treasure hunt, Sports park arl.rock, Museum St. Anton, Culinary bliss, Art gallery Arlberg, Museum Alter Nessler Thaja",,Ja,Ja,Ja,Ja,Nee,Nee,Nee,Nee,Nee,"Playground, Private sanitary facilities, Pizzeria il Gatto, Wellness Park Arlberg, WiFi",Nee,Nee,Nee,Nee,Ja,Nee,Ja,Nee,Nee,Nee,Nee,Nee,"Nee, wel een naastgelegen sauna met korting",,Nee,Nee,Ja,Nee,Nee,Nee,Nee,Nee,Nee,Nee,Nee,Nee,Nee,Nee,Nee,Nee,,Ja,Ja,Ja,Nee,  Nee                                       ,Nee,"55.6% Vakantiehuizen (5), 44.4% Kampeerplaatsen (4)","66.7% all (6), 33.3% none (3)",0% (0),0% (0),0% (0)
Austria Parks Camping Leutasch,2171,https://www.austria-parks.com/camping-leutasch,x,1205779469461391,x,C,Oostenrijk ,Tirol,,"47,39826","11,18024",,,"Seefeld, Ice skating and curling, Cross-country skiing, Snowshoe hike, Swarovski Crystal Worlds Wattens, Tobogganing, Ganghofer Museum, Casino Seefeld, Katzenkopf, Innsbruck, Ski region Seefeld, Seefeld, Cycling and mountain biking, Swarovski Crystal Worlds Wattens, Nature Park Karwendel, Hiking routes, Summer sports, Ganghofer Museum, Casino Seefeld, Innsbruck, Leutascher Geisterklamm",,Ja,,Ja,,,,Nee,,,"Swimming pool & wellness, Wellness, Playground, La Locandiera, Der Campingkorb, Breakfast service, Fitness, Private sanitary facilities, Launderette, Heated ski room, Langlaufloipe, Bike rental, Indoor play area, Dog shower",Nee,Nee,Nee,Nee,Ja,Nee,Ja,Nee ,Nee,Nee,Nee,Nee,"Nee, wel een naastgelegen sauna met korting",,Nee,Nee,Ja,Nee,Nee,Nee,Nee,Nee,Nee,Nee,Nee,Nee,Nee,Nee,Nee,Nee,,Ja,Ja,Ja,Nee,Nee,Nee,"45.5% Vakantiehuizen (5), 27.3% Kampeerplaatsen (3), 27.3% Kamers (3)","90.9% all (10), 9.1% some (1)",9.1% (1),0% (0),0% (0)
Beach Resort Makkum,1910,https://www.makkumbeach.nl/,x,1202535492682908,x,Caner,Nederland,Friesland,,"53,0485191","5,3886838",,,"Wellness De Leliehof, Wellness de Woudfennen, openluchtzwembad Mounewetter, indoor subtropische zwembad Swimfun, IJsselmeer, Makkumersudwaard, Friese Museumdorp, Kazematten Museum, Afsluitdijk Wadden Center, speelparadijs Ballorig Sneek, Kameleondorp, Aqua zoo, Kinderboederij, dieren- en speelpark Sanjesfertier, Waterskibaan, bioscoop, golfbaan, karten, lasergame, waddeneilanden, Skutsjesilen, kaatsen, fierlkeppen, ringsteken, Gierhoorn",,Nee,,Ja,,,,Nee,,,"Strand en IJsselmeer, Bootverhuur, Fietsverhuur, Snackbar Captains Corner, Strandhuys Makkum, Midgetgold, Skelters, Biljartvoetbal",Nee,Nee,Nee,Nee,Nee,Nee,Ja,Ja,Nee,Nee,Nee,Ja,Nee,"Ja, accommodaties met sauna en/of hottub",Ja,Nee,Nee,Ja,Nee,Nee,Nee,Nee,Nee,Ja,Nee,Ja,Nee,Nee,Nee,Nee,,Ja,Ja,Nee,Ja,Ja,,"55.1% Villa's (43), 30.8% Bungalows (24), 14.1% Appartementen (11)","57.7% all (45), 30.8% none (24), 11.5% some (9)",0% (0),42.3% (33),7.7% (6)
Berkenrhode,1206,https://www.berkenrhode.nl/,x,1142956324066794,x,Caner,Nederland,Gelderland,Veluwe,"52,101987","5,7270923",,,"Wandelen, Fietsen, Ede, Arnhem, Apeldoorn, Kröller-Müller Museum, Wild spotten, Gelderse Streken, Hallo Wisent!, Edese Golf Club, Kröller-Müller Museum, Apenheul, Burgers' Zoo, Dolfinarium, Julianatoren, Openluchtmuseum, Paleis het Loo, Schateiland Zeumeren, Thermen Bussloo, Zwembad de Peppel Ede, Ijzertijdboerderij, Speelgoedmuseum, Zandsculpturen, Klimbos Garderen, Sauna de Veluwe, Het Aardhuis, Rondje Wekeromse Zand",,Nee,,Ja,,,,Nee,,,"Le Grand Café, Dog Wash, Cafetaria, Eten aan huis, Fietsverhuur, E-Choppers huren, Elektrische scooters huren, Privé Spa & Wellness, Speeltuinen, Zwembad, Wasserette, Receptie, Duurzaamheid op Park Berkenrhode, Scootmobiel verhuur",Ja,Nee,Ja,Ja,Ja,Nee,Ja,Nee,Nee,Nee,Nee,Ja,Ja,"Ja, accommodaties met privé spa en wellness",Nee,Nee,Nee,Nee,Nee,Nee,Nee,Nee,Nee,Nee,Nee,Nee,Nee,Nee,Nee,Nee,"Ja, in vakantieperiodes",Ja,Ja,Ja,Nee,Nee,,100% Vakantiehuizen (63),"77.8% all (49), 15.9% some (10), 6.3% none (4)",0% (0),44.4% (28),52.4% (33)
Bonte Vlucht,461,https://www.bontevlucht.nl/,x,1203413202820979,x,Caner,Nederland,Utrecht,Utrechtse Heuvelrug,"52,0317141","5,388801",,,"Huis Doorn, Kaasmuseum De Weistaar, Museum Dorestad, Utrechtse Heuvelrug, Mondriaanhuis, Militair luchtvaartmuseum, Kade Kunsthal, De Utrechtse Domtoren, Spoorwegmuseum, Dick Bruna huis, Kasteel de Haar",,Ja,,Ja,,,,Ja,,,"Het zwembad, Restaurant, terras en snackbar, Fietsverhuur, Kidsclub, Speeltuinen en sportveld, Broodjes service",Ja,Nee,Ja,Nee,Ja,Nee,Ja,Nee,Nee,Nee,Nee,Nee,Nee,,Nee,Nee,Nee,Nee,Nee,Nee,Nee,Nee,Nee,Nee,Nee,Nee,Nee,Nee,Nee,Nee,"Ja, in schoolvakanties",Nee,Ja,Ja,Nee,Nee,,"52% Vakantiehuizen (13), 32% Andere accommodaties (8), 16% Kampeerplaatsen (4)","72% all (18), 24% none (6), 4% some (1)",0% (0),0% (0),0% (0)
Clofers Active Apartments Sonnleitn,1365,https://www.clofers.com/nl/sonnleitn-active-apartments,x,1210325044995898,x,,Oostenrijk ,Karinthië ,,"46,58422","13,25611",,,"Skieen en snowboarden, Langlaufen, Paardrijtocht, Sneeuwschoenwandelen, Wellness, Rodelen, Klimmen, Schaatsen, Skitouren, Pressegger See, Weissensee, Wurthersee, Suppen, Mountainbiken, Golfen, Trailrunning, Wandelen, Raften, Canyoning, Kletterwal Ossiacher See, Megadive, Outdoor Park Nassfeld, Paardrijden, Zomer Rodelbaan Pendolino",,,,,,,,,,,"Clofers Cafe ""Bei Reiter"", Skibus",,,,,,,,,,,,,,,,,,,,,,,,,,,,,,,,,,,,,,100% Vakantiehuizen (3),"66.7% all (2), 33.3% none (1)",66.7% (2),66.7% (2),0% (0)
Clofers Leisure Lodges Jenig,1363,https://www.clofers.com/nl/jenig-leisure-lodges,x,1210325044995898,x,,Oostenrijk ,Karinthië ,,"46,6289661","13,2528788",,,"Skieen en snowboarden, Langlaufen, Paardrijtocht, Sneeuwschoenwandelen, Wellness, Rodelen, Klimmen, Schaatsen, Skitouren, Pressegger See, Weissensee, Wurthersee, Suppen, Mountainbiken, Golfen, Trailrunning, Wandelen, Raften, Canyoning, Kletterwal Ossiacher See, Megadive, Outdoor Park Nassfeld, Paardrijden, Zomer Rodelbaan Pendolino",,,,,,,,,,,"Clofers Cafe ""Bei Reiter"", Skibus",,,,,,,,,,,,,,,,,,,,,,,,,,,,,,,,,,,,,,100% Vakantiehuizen (5),"80% none (4), 20% all (1)",80% (4),0% (0),0% (0)
Clofers Nature Chalets Obermöschach,1774,https://www.clofers.com/obermoeschach-nature-chalets,x,1210325044995898,x,,Oostenrijk ,Karinthië ,,"46,63639485","13,34826586",,,"Skieen en snowboarden, Langlaufen, Paardrijtocht, Sneeuwschoenwandelen, Wellness, Rodelen, Klimmen, Schaatsen, Skitouren, Pressegger See, Weissensee, Wurthersee, Suppen, Mountainbiken, Golfen, Trailrunning, Wandelen, Raften, Canyoning, Kletterwal Ossiacher See, Megadive, Outdoor Park Nassfeld, Paardrijden, Zomer Rodelbaan Pendolino",,,,,,,,,,,"Clofers Cafe ""Bei Reiter"", Skibus",,,,,,,,,,,,,,,,,,,,,,,,,,,,,,,,,,,,,,100% Vakantiehuizen (6),100% none (6),33.3% (2),66.7% (4),0% (0)
Clofers Relax Residences Rattendorf,1364,https://www.clofers.com/nl/rattendorf-relax-residences,x,1210325044995898,x,,Oostenrijk ,Karinthië ,,"46,62159","13,25263",,,"Skieen en snowboarden, Langlaufen, Paardrijtocht, Sneeuwschoenwandelen, Wellness, Rodelen, Klimmen, Schaatsen, Skitouren, Pressegger See, Weissensee, Wurthersee, Suppen, Mountainbiken, Golfen, Trailrunning, Wandelen, Raften, Canyoning, Kletterwal Ossiacher See, Megadive, Outdoor Park Nassfeld, Paardrijden, Zomer Rodelbaan Pendolino",,,,,,,,,,,"Clofers Cafe ""Bei Reiter"", Skibus",,,,,,,,,,,,,,,,,,,,,,,,,,,,,,,,,,,,,,"58.8% Vakantiehuizen (10), 41.2% Appartementen (7)","58.8% none (10), 41.2% all (7)",52.9% (9),17.6% (3),0% (0)
De Ossenberg,562,https://www.deossenberg.nl/,x,1203413202821127,x,Caner,Nederland,Utrecht,Utrechtse Heuvelrug,"52,0305448","5,4893667",,,"Kasteel Amerongen, Andrieskerk, Ouwehands Dierenpark, Nationaal Park Utrechtse Heuvelrug, Huis Doorn",,Nee,,Ja,,,,Nee,,,"Buitenzwembad, Multifunctionele baan, Wasserette, Café, Diverse speeltuinen, Kidsclub Holly, Fietsverhuur",Ja,Nee,Ja,Ja,Ja,Nee,Ja,Nee,Nee,Nee,Nee,Ja,Nee,,Nee,Nee,Nee,Nee,Nee,Nee,Nee,Nee,Nee,Nee,Nee,Nee,Nee,Nee,Nee,Nee,"Ja, in het hoogseizoen",Ja,Nee,Ja,Nee,Nee,,100% Vakantiehuizen (10),"40% all (4), 40% none (4), 20% some (2)",0% (0),0% (0),0% (0)
De Parel,1902,https://www.deparel.com/,x,1202598046119877,x,Caner,Nederland,Flevoland,,"52,3328591","5,4923163",,,"Natuurgebied Horsterwold, Fietsen & wandelen, Wijngoed wilgenhorst, golfclub zeewolde, Priembos, Voorlanden, Natuurpark Lelystad, Suppen, Kanoen, Kite- of windsurfen, Bootje huren, Vissen, Strand, Amsterdam, Dolfinarium, Walibi Holland",,Ja,,Ja,,,,Ja,,,"Wellness Area, Restaurant De Parel, Extra's, Water, Activiteiten, Fietsverhuur, Honden, Sport en spel",Nee,,,,,,Ja,,,,,,"Ja, hottubs op het park",,,,,,,,,,,,,,,,,,,Ja,Ja,,,,Barbecue te huur op het park,"63.6% Vakantiehuizen (14), 31.8% Glamping (7), 4.5% Camper/Caravanplaatsen (1)","63.6% all (14), 36.4% some (8)",31.8% (7),9.1% (2),45.5% (10)
De Scherpenhof,462,https://www.scherpenhof.nl/,x,1203413202820831,x,Caner,Nederland,Gelderland,IJssel,"52,295849","6,09686",,,"Kinderpretpark Julianatoren, Gezinspark ‘t Smallert, Apenheul, De Veluwse Bron, Nationaal park de Hoge Veluwe, Gemeentemuseum Deventer, Paleis ’t Loo in Apeldoorn, Het Kröller-Müller Museum, Internationaal Brandweermuseum in Rijssen",,Ja,,Ja,,,,Ja,,,"Kidsclub Holly, Overdekt speelparadijs Play City, Binnenzwembad, Zwemles tijdens je vakantie, Buitenzwembad, Recreatieplas, Jachthaven aan de IJssel, Bowling, Snackbar, Gemakswinkel, Bruin café + Bogenzaal, Café De Saloon, Tennisbaan, Fietsverhuur, Wasserette, Airtrampoline, Vissen",Ja,Ja,Nee,Ja,Ja,Ja,Nee,Nee,Nee,Nee,Nee,Ja,Nee,,Nee,Nee,Nee,Nee,Nee,Nee,Nee,Nee,Nee,Nee,Nee,Nee,Ja,Nee,Nee,Nee,"Ja, in schoolvakanties",Ja,Ja,Ja,Nee,Ja,,"69% Vakantiehuizen (20), 27.6% Kampeerplaatsen (8), 3.4% Ligplaatsen (1)","58.6% all (17), 31% some (9), 10.3% none (3)",0% (0),6.9% (2),0% (0)
De Tien Heugten,463,https://www.tienheugten.nl/,x,1203413202820905,x,Caner,Nederland,Drenthe,,"52,9095128","6,7105261",,,"Drents Museum, Openluchtmuseum Ellert en Brammert, Het Hunebedcentrum, Het Gevangenis Museum, Herinneringscentrum Kamp Westerbork, Het Veenpark, Het Boomkroonpad, Attractiepark Drouwenerzand, Zwemparadijs De Bonte Wever, Cowboy & Indianen Speelreservaat, Kabouterland, Outdoor Joytime, Sprookjeshof, Wildlands Adventure Zoo, DX Adventurepark Gasselte, Historisch Heden Orvelte",,Ja,,Ja,,,,Ja,,,"Eet-café, Buitenbad met apart peuterbad, Kidsclub Holly, Parkshop met broodservice, Midgetgolfbaan met 18 holes, Fietsverhuur, WiFi, Recreatieplas, Laadpalen voor elektrische auto's",Ja,Nee,Ja,Ja,Ja,Nee,Nee,Nee,Nee,Nee,Nee,Ja,Nee,,Ja,Nee,Nee,Nee,Nee,Nee,Nee,Nee,Nee,Nee,Nee,Nee,Nee,Nee,Nee,Nee,"Ja, in schoolvakanties",Ja,Ja,Ja,Nee,Nee,,"88% Vakantiehuizen (22), 12% Kampeerplaatsen (3)","40% all (10), 40% none (10), 20% some (5)",0% (0),4% (1),0% (0)
Harderwold Villa Resort,2780,https://www.harderwoldvillaresort.nl/,x,1209085264085363,x,,Nederland,Flevoland,Veluwemeer,"52,3802662","5,6104574",,,"Walibi Holland, Dolfinarium, Luchtvaartmuseum Aviodrome Lelystad, Apenheul, Kok CinemaxX Harderwijk, Almere Jungle, Pantropica, Brasserie Harderwold, Hans & Grietje Zeewolde, Veluwemeer, Oostvaardersplassen, Harderbos, Watersport, Harderwijk, Elburg, Zeewolde, Ermelo, Batavia Stad, Amersfoort centrum, Almere centrum",,Ja,,Ja,,,,Nee,,,"Golfbaan, Brasserie Harderwold, Speeltoestellen, Tennisbaan, Adventure Golf, Bosgolf, Boot huren, Lasergamen, Vlotten bouwen, Boogschieten, Survivalparcours, Combi-programma",Nee,,,,,,,,,,,Ja,,"Ja, accommodaties met sauna, zwembad en/of hottub",Nee,,,,,,,,,,,,,,,,,Ja,Ja,,,,"Ja, barbecue bij de woning","96.6% Vakantiehuizen (57), 1.7% Beheerwoningen / Appartementen (1), 1.7% Camperplaatsen (1)","50.8% none (30), 49.2% all (29)",83.1% (49),28.8% (17),33.9% (20)
Kampeerdorp de Zandstuve,721,https://www.zandstuve.nl/,x,917278937473421,x,Caner,Nederland,Overijssel,Vechtdal,"52,5582741","6,5876473",,,"Theater de Voorveghter, National Tinnen Figuren Museum, Mountainbike route, Fietsroutes, E-chopper, Total Outdoor Vechtdal, Kartplaza, Zwemvijver de Oldermeijer, Vechtdal Express, Wildwaterbaan, Vissen aan de Vecht, NuNature Outdoor,  Avonturenpark Hellendoorn, Attractiepark Slagharen, Plopsaland, Stedelijk Museum Coevorden, Boer'n Xpeditie, Hoeve Bosman, Manege Hostellerie, Outdoor Ommen, Expedition ourdoor, Koe safari, Boerengold het Landschap, Heidepark, Sahara Ommen, Kabouterpad Zandstuvebos, Hunebed centrum, Herinneringscentrum kamp Westerbork, Familiepretpark de Waarbeek, Dinoland, Walibi, Kinderpretpark Julianatoren, Wildlands Emmen, Dierenpark Nordhorn, Apenheul, Tuffen door het tukkerland, Giethoorn, De Flierefluiter, Speel-en ijsboederij de Drentse Koe, Avatarz",5 sterren,Ja,,Ja,,,,Ja,,,"Cobus' Speelkasteel, Speeltuinen, Chilz playroom: playstations, air-hockey, grijpautomaat, pooltafel., Zwemplezier, Animatie, Sport & Spel, TikTok Area, Brasserie & loungebar De Stoov, Pizzeria de Zandstuve, Stuuf To Go, Stuufbar, Sanitair, Stuufwinkel, Fiets- en skelterverhuur, WiFi, Wasserette",Ja,Ja,Ja,Nee,Ja,Ja,Ja,Ja,Ja,Nee,Nee,Ja,Ja,Ja ,Ja,Ja,Ja,Nee,Nee,Nee,Nee,Nee,Nee,Nee,Nee,Nee,Nee,Ja,Nee,Nee,"Ja, doorlopend programma",Ja,Ja,Ja,Nee,Nee,,"92.9% Vakantiehuizen (26), 7.1% Kampeerplaatsen (2)","75% none (21), 14.3% some (4), 10.7% all (3)",0% (0),0% (0),7.1% (2)
Landgoed Het Grote Zand,1643,https://www.hetgrotezand.nl/,x,1204228940439211,x,,Nederland,Drenthe,,"52,20722259","6,891251886",,,"Groningen, TT circuit Assen, Hunebedcentrum Borger, Kamp Westerbork, WILDLANDS Adventure Zoo, Fietsvakantie Drenthe, Wandelen, Nationaal Park Drentsche Aa, Nationaal Park Drents-Friese Wold, Nationaal Park Dwingelderveld",,Nee,,Ja,,,,Nee,,,"Binnenzwembad met apart peuterbad, Jungle Bos, Speeltuinen, Airtrampoline, Animatie, Restaurant, Café & Snackbar, Wellness, Fiets & skelterverhuur, E-choppers huren, Parkshop, Wasserette, Receptie",Ja,Ja,,,,,Ja,,,,,Ja,,"Ja, accommodaties met sauna, bubbelbad en sunshower",,,,,,,,,,,,,,,,,"Ja, in schoolvakanties",Ja,Ja,,,,,100% Vakantiehuizen (24),"62.5% some (15), 20.8% all (5), 16.7% none (4)",0% (0),16.7% (4),0% (0)
MarinaPark Bad Nederrijn,1681,https://www.marinaparken.nl/marinapark-bad-nederrijn,x,"1,20094E+15",x,,Nederland,Gelderland,,"51,9628788","5,4037533",,,"Maurik, Wellness boerderij, Fiets- en wandelroutes, Utrechtse Heuvelrug, Stuw- en sluizencomplex Amerongen, Betuwe, Ouwehands Dierenpark, Buren; de parel van de Betuwe, Culemborg bruist!",,Nee,,Ja,,,,Nee,,,"Recreatieplas met strand, Jachthaven, Watersport, SUP Boarden, Brasserie de Gouden Klomp, Voor de kids, E-choppers, Fietsverhuur, Laadpaal, Boot huren, Vismogelijkheden, NIEUW: sauna, Wasserette",Nee,,,,,,,,,,,,,,Ja,,,,,,,,,,,,,,,,,Ja,Ja,,,,,"63.6% Vakantiehuizen (7), 27.3% Kampeerplaatsen (3), 9.1% Ligplaatsen (1)","54.5% all (6), 27.3% some (3), 18.2% none (2)",0% (0),0% (0),0% (0)
MarinaPark Beach Resort Soal,2749,https://www.marinaparken.nl/marinapark-beach-resort-soal,x,"1,20094E+15",x,,Nederland,Friesland,,"52,9690547","5,412487",,,"Lekker eten en drinken, Eise Eisinga Planetarium, Elfstedenstad Workum, Evenementen, Tips voor kids, AquaZoo Leeuwarden, Fiets-, wandel- en vaarroutes, Cultuur en musea, Watersport, Woudagemaal Lemmer",,Ja,,Ja,,,,Nee,,,"NIEUW: sauna, Jachthaven, Strand, Strandpaviljoen 't Oude Strandhuys, Havenrestaurant Soal, E-choppers, Berging elektrische fietsen, Snackbar, Sanitair, Wasserette, Animatieteam, Laadpaal, Recreatiegebouw 'The Fun Factory', Serviceplaats voor campers, Supermarkt, Fietsverhuur, Sportveld, Speeltuinen, Internet",Nee,,,,,,Ja,,,,,,,"Ja, appartementen met sauna",Ja,Ja,,,,,,,,,,,,,,,"Ja, in schoolvakanties",Ja,Ja,,,,Nee,"57.1% Vakantiehuizen (16), 25% Kampeerplaatsen (7), 17.9% Appartementen (5)","50% all (14), 35.7% some (10), 14.3% none (4)",0% (0),3.6% (1),0% (0)
MarinaPark Residentie Bloemendaal,2401,https://www.marinaparken.nl/marinapark-residentie-bloemendaal,x,"1,20094E+15",x,,Nederland,Noord-Holland,,"52,3202634","4,5666519",,,"Keukenhof/Bloemencorso, Circuit Zandvoort, Amsterdamse Waterleidingduinen, Strand van Bloemendaal aan Zee, Nationaal Park Zuid-Kennemerland, Haarlem: Historische charme, De Ruïne van Brederode, Fietsen door de Bollenstreek, Linnaeushof: Europa’s grootste speeltuin, Amsterdam: De hoofdstad ontdekken, Beachclubs",,Ja,,Ja,,,,Nee,,,"Zwembad, Brasserie Cheers, Speeltuin, Fietsverhuur, Lobby, E-choppers, Servicestation voor campers, Wasserette",Ja,,,,,,,,,,,Ja,,"Ja, accommodaties met sauna",Nee,,,,,,,,,,,,,,,,"Ja, in schoolvakanties",Ja,Ja,,,,Nee,"50% Vakantiehuizen (4), 50% Kampeerplaatsen (4)","37.5% none (3), 37.5% all (3), 25% some (2)",0% (0),12.5% (1),0% (0)
MarinaPark Residentie Nieuw Loosdrecht,1680,https://www.marinaparken.nl/marinapark-residentie-nieuw-loosdrecht,x,"1,20094E+15",x,,Nederland,Noord-Holland,,"52,1985586","5,0897784",,,"Varen op de Loosdrechtse Plassen, Vissen, Wellness aan het water, Wandel&fiets routes, Boederij van Herk, Keukenhof, Slot zuylen, Kasteel-Museum Sypesteyn, Waterliniemuseum fort bij vechten, Avontuurfabriek, Solex of Segway rijden, Kajakken, Suppen, Indoor speelparadijs spelekids",,Nee,,Ja,,,,Nee,,,"Bootverhuur, E-choppers, SUP Boarden, Fietsverhuur, Berging elektrische fietsen, Laadpaal",Nee,,,,,,,,,,,,,,Ja,,,,,,,,,,,,,,,,,Ja,Ja,,,,Nee,100% Vakantiehuizen (6),"50% some (3), 50% all (3)",0% (0),0% (0),0% (0)
Oesterdam Resort,835,https://www.waterrijkoesterdam.nl/,x,875158566517401,x,Caner,Nederland,Zeeland,,"51,5008497","4,1852406",,,"Wakeboarden en waterskien, Padellen, Golf, Kiten & (Wind)Surfen, Duiken, Bowlen in Tholen, Pluktuin Franken, Klimbos Brabantse Wal, 't Appeltje, Bioscopen, Monkey Town",,Nee,,Ja,,,,Nee,,,"E-choppers, Fietsverhuur, Paintball, Archerytag, Escape room, Bootverhuur, Supverhuur, Kanoverhuur, Belevingsbad, Infrarood sauna en Stoomcabine, Belevingsdouche, Massage, Relaxruimte met zoutwand, Jet boat experience, MArina Beachclub, Cabanastrand met strandbedden",Ja,Nee,Nee,Ja,Nee,Nee,Ja,Nee,Nee,Nee,Ja,Ja,Ja,"Ja, accommodaties met sauna, jacuzzi en bruisbad",Nee,Nee,Nee,Ja,Ja,Nee,Nee,Nee,Nee,Nee,Nee,Ja,Ja,Nee,Nee,Nee,Nee,Ja,Nee,Nee,Nee,Ja,,"75% Vakantiehuizen (21), 25% Kamers (7)","50% none (14), 46.4% some (13), 3.6% all (1)",0% (0),35.7% (10),0% (0)
Oysterduinen,2278,https://www.oysterduinen.nl/,x,1206076312226803,x,,Nederland,Zeeland,,"51,5002008","4,0519101",,,"Oosterschelde, Wemeldinge, Goes, Middelburg, Grootste mosselveiling van Europa, De Prinses Beatrixhaven, Nationaal park Oosterschelde, Historisch museum De Bevelanden, Terra Maris | Museum voor natuur en landschap, Tropical Zoo, Klok'uus | Alles op 1 locatie in Zeeland, Rondleidingen, Scooter Huren in Zeeland",,Nee,,Ja,,,,Nee,,,"Fietsverhuur, Laadpaal",Nee,,,,,,,,,,,,,"Ja, accommodaties met sauna en hottub",Nee,,,,,,,,,,,,,,,,,Nee,Ja,,,,Nee,100% Vakantiehuizen (10),"70% some (7), 20% all (2), 10% none (1)",0% (0),40% (4),50% (5)
Resort Mooi Bemelen,258,https://www.resortmooibemelen.nl/,x,602347119028108,x,Caner,Nederland,Zuid-Limburg,,"50,8444138","5,7836988",,,"Fietsen, Wandelen, BloteVoetenPark, Nationaal Park Hoge Kempen, Attractiepark Kabelbaan Valkenburg, GaiaZoo, Nationaal Park Hoge Kempen, Subtropisch zwemparadijs, Mergelgroeve 't Rooth, Drielandenpunt Vaals, Kasteelruïne Fluweelengrot, Duitsland en België, Maastricht, Valkenburg",,Nee,,Ja,,,,Nee,,,"Buitenzwembad, Fietsverhuur, E-choppers huren, Speeltuin, Jeu de Boules en Tafeltennis, Restaurant Ciao Ciao, BBQ en gourmetten",Ja,Nee,Ja,Nee,Ja,Nee,Nee,Nee,Nee,Nee,Nee,Ja,Nee,"Ja, accommodaties met sauna ",Nee,Nee,Nee,Nee,Nee,Nee,Nee,Nee,Nee,Nee,Nee,Nee,Nee,Nee,Nee,Nee,Nee,Ja,Ja,Ja,Nee,Nee,,100% Vakantiehuizen (27),"48.1% all (13), 29.6% some (8), 22.2% none (6)",0% (0),14.8% (4),0% (0)
Resort Rhederlaagse Meren,460,https://www.rhederlaagsemeren.nl/,x,1202443690165663,x,Caner,Nederland,Gelderland,IJssel,"51,9940245","6,0286135",,,"Nationaal park De Hoge Veluwe, Nederlands openluchtmuseum, Doesburg, Veluwse bron, Arnhem, Apenheul, Kinderpretpark Julianatoren, Subtropisch zwembad Rozengaarde, Pretpark Wunderland Kalkar, Burgers’ Zoo, Mosterdmuseum Doesburg",,Ja,,Ja,,,,Ja,,,"Buitenzwembad met spraypark, Animatieteam, FunBowl, Glowgolf, Airtrampoline, Restaurant, Cafetaria, Minishop | Super & Brood, Fietsverhuur, Visvijver De Kromme Hengel, Ligplaatsen Jachthaven, Vip Boot, Wasserette, Sportcafé, Evenementenzaal, Wi-Fi",Ja,Nee,Ja,Ja,Ja,Ja,Ja,Nee,Ja,Nee,Nee,Ja,Nee,,Nee,Nee,Nee,Nee,Ja,Nee,Nee,Nee,Nee,Nee,Nee,Ja,Ja,Ja,Nee,,"Ja, in het hoogseizoen",Ja,Ja,Nee,Nee,Ja,,"78.4% Vakantiehuizen (29), 18.9% Kampeerplaatsen (7), 2.7% Ligplaatsen (1)","45.9% all (17), 35.1% none (13), 18.9% some (7)",0% (0),5.4% (2),8.1% (3)
Resort Valley,2027,https://www.resortvalley.nl/,x,1209676950357016,x,Caner,Nederland,Gelderland,Veluwe,"52,1002875","5,7292528",,,"Nationaal Park De Hoge Veluwe, Nationaal Park Veluwezoom, Burgers' Zoo, Apenheul, Kröller-Müller Museum, Edese Golf Club",,Nee,,Ja,,,,Nee,,,"Le Grand Café, Zwembad, Eten aan huis, Fietsverhuur, Cafetaria, E-Choppers huren, Elektrische scooters huren, Speeltuinen, Dog Wash, Wasserette, Privé Spa & Wellness, Scootmobiel verhuur",Ja,Nee,Ja,Nee,Ja,Nee,Ja,Nee,Nee,Ja,Nee,Ja,Nee,"Ja, accommodaties met privé hottub, sauna of binnenzwembad",Nee,Ja,Nee,Nee,Nee,Nee,Nee,Nee,Nee,Nee,Nee,Nee,Nee,Nee,Nee,Nee,Nee,Ja,Ja,Ja,Nee,Nee,Barbecue bij de woning,100% Vakantiehuizen (19),"84.2% all (16), 10.5% some (2), 5.3% none (1)",63.2% (12),73.7% (14),84.2% (16)
Resort Walsdorf,2581,https://www.resortwalsdorf.com/,x,1208242908819245,x,,Luxemburg ,Tandel ,,"49,9169103","6,1788026",,,"The Mullerthal, Canoeing, Outdoor pool of Beaufort, Indoor and outdoor swimming pool of Hosingen, Aquarium Wasserbillig, The butterfly Garden, Bourscheid Castle, Vianden Castle, National Military Museum, Mudam Museum of Modern Art, AquaNat'our, Vianden swimming pool, Indoor swimming pool of Mersch, Korperich swimming pool, Lake of the Upper Sure",,Ja,,Ja,,,,Ja,,,"Receptie, Restaurant, Sanitair, Wasserette, Speeltuin, Badmintonveld, Volleybalveld, Voetbalveld",Nee,,,,,,Ja,,,,,,,,Nee,,,,,,,,,,,,,,,,,Ja,Ja,,,,Nee,"89.7% Vakantiehuizen (26), 10.3% Kampeerplaatsen (3)","62.1% all (18), 34.5% some (10), 3.4% none (1)",0% (0),3.4% (1),13.8% (4)
Ridderstee Ouddorp Duin,1324,https://www.ridderstee.nl/,x,1194247501047602,x,Caner,Nederland,Zuid-Holland,,"51,8169743","3,9042812",,,"Ouddorpse stranden, Strandplein Ouddorp Duin, Noordzee en Brouwersdam, Dorpen en steden, De Klepperstee",,Nee,,Ja,,,,Nee,,,"Ouddorpse stranden, Strandplein Ouddorp Duin, Noordzee en Brouwersdam, Dorpen en steden, De Klepperstee",Nee,Nee,Nee,Ja,,Nee,Ja,,Nee,Nee,Nee,Nee,Nee,,Ja,Nee,Nee,Nee,Ja,Nee,Nee,Nee,Nee,Nee,Nee,Nee,Nee,Nee,Nee,Ja,"Ja, doorlopend programma",Ja,Ja,Nee,Ja,Ja,,100% Vakantiehuizen (7),"85.7% some (6), 14.3% all (1)",0% (0),0% (0),0% (0)
Vakantiepark Aan de Maas,2506,https://www.vakantieparkaandemaas.nl/,x,1209083539388421,x,,Nederland,Gelderland,,"51,7795654","5,3307701",,,"GeoFort, Wipe Out!, De Efteling, Den Bosch, Zaltbommel, Gootspokenroute, Slot Loevestein, Kasteel Ammersoyen, Nationaal Park De Loonse en Drunense Duinen, Fiets, Safaripark Beekse Bergen, Bloesem in bloei, Fruitoogst, Fruitcorso in Tiel",,Nee,,Ja,,,,Nee,,,"Fietsverhuur, E-Chopper verhuur, Speeltuinen, Brasserie, Golfbaan De Dorpswaard, Officiële zwemlocatie, Broodjesservice, Mini parkshop, Ligplaatsen jachthaven, Bushalte, Vuurwerkvrij",Nee,,,,,,,,,,,,,,,,,,,,,,,,,,,,,,,,,,,,,"63.3% Accommodaties (19), 33.3% Beheerswoningen (10), 3.3% Ligplaatsen (1)","53.3% all (16), 30% some (9), 16.7% none (5)",3.3% (1),10% (3),3.3% (1)
Vakantiepark BreeBronne,1986,https://www.breebronne.nl/,x,1203197212460343,x,,Nederland,Limburg,Noord-Limburg,"51,3749362","6,0606551",,,"Fun Valley Maastricht, Clip 'n Climb Sittard, Maashof Roadtrip, Maashof Handboogschieten, Fun Forest Venlo, Voetgolf International, Home of Heroes, E-chopper verhuur, Maashof BBQ-Arrangementen, Maashof Bootcamp, Toverland, Fun Valley Maastricht, Ballorig, BillyBird Drakenrijk, BillyBird Hemelrijk, Irrland, Thermaalbad Arcen, Maashof Floaten, Fun Valley Maastricht, Sloepverhuur Limburg, Watersportschool De Roerganger, BillyBird Openluchtzwembad Het Run, Ijssalon Clevers, Aardbeienland Horst, ABC Restaurant Sevenum, Vermaekerij eten & drinken, De Zoes, Maashof BBQ-Arrangementen, Taurus World of Adventure, Vermaekerij Bowlen, Kasteeltuinen Arcen, Limburgs Museum, Hertog Jan Bierbrouwerij, Missiemuseum Steyl, Wereld Paviljoen Steyl, Mind Mystery Horst, Kasteeltuinen Arcen, Wandel- en fietsroutes, Shoppen in Venlo, Centro Oberhausen, Designer Outlet Roermond, Onbekend",,Ja,,Ja,,,,Ja,,,"Fiets- en skelterverhuur, Sanitairgebouw, Watersport, Strandbad, Binnenzwembad, Binnenspeeltuin, Fun & Entertainment, Minigolf, Speeltuin, Beachbar, Pizza Take-Away, Bar 1976, Brasserie Ruig, Snackbar, Vakantie Supermarkt",Ja,,,,,,,,,,,Ja,,,,,Ja,,,,,,,,,,,,,,"Ja, onbekend programma",Ja,Ja,,,,,"70.3% Vakantiehuizen (26), 13.5% Glamping (5), 10.8% Kampeerplaatsen (4), 5.4% Jaarplaatsen (2)","40.5% all (15), 35.1% none (13), 24.3% some (9)",0% (0),2.7% (1),5.4% (2)
Vakantiepark De Beemster,2519,https://www.vakantieparkdebeemster.nl/,x,1211980205120331,x,Caner,Nederland,Noord-Holland,,"52,5512452","4,8085668",,,"Zaanse Schans, Alkmaar, Amsterdam, Fiets- en wandelroutes, Tickets met korting, Volendam, Golfbaan Beemster, Edam, De Bazaar, Enkhuizen, Sprookjeswonderland, De Batavier, Escape Room Purmerend, Monnickendam, Burggolf, Marken, Schermer Molens, Museum BroekerVeiling, Recreatiegebied Het Twiske, Forten in de Beemster, Fort Resort Beemster",,Nee,,Ja,,,,Nee,,,"Fietsverhuur, Wellness, Broodjes & ontbijtservice, Binnenzwembad, Buitenzwembad, Speelstrandje, Restaurant, Escape Box ''Pyramid'', Wasserette, Foodboxen, E-chopper verhuur, Hond mee op vakantie?, Bereikbaarheid openbaar vervoer, Animatieactiviteiten, Dierenweide, Minimarkt, Snackbar",Ja,Ja,Ja,Ja,Nee,Nee,Ja,Nee,Ja,Ja,Nee,Ja,Ja,"Ja, accommodaties met sauna",Nee,Nee,Nee,Nee,Nee,Nee,Nee,Nee,Nee,Nee,Nee,Nee,Nee,Nee,Nee,Nee,"Ja, in de schoolvakanties",Ja,Ja,Nee,Nee,Ja,"Ja, barbecue services","37.3% Beheer (19), 25.5% Chalet (13), 17.6% Grote accommodatie (9), 15.7% Zaanse huizen (8), 3.9% Tiny house (2)","47.1% all (24), 33.3% some (17), 19.6% none (10)",0% (0),11.8% (6),0% (0)
Vakantiepark De Wiedense Meren,2522,https://www.vakantieparkdewiedensemeren.nl/,x,"1,20908E+15",x,Caner,Nederland,Overijssel,,"52,6882537","6,045796",,,"Giethoorn, Kampen, Nationaal Park Weerribben-Wieden, Nationaal Park Dwingelderveld, Speel- en ijsboerderij De Drentse Koe, Pantropica, Museum De Proefkolonie, Batavia Stad Fashion Outlet, De Luie Tuinman, Shakespearetheater, Tulpenroutes Flevoland",,Nee,,Ja,,,,Nee,,,"Jachthaven, Fietsverhuur, Natuurwater en vismogelijkheden, Broodjesservice, Tafeltennis, Vuurwerkarm, SUPPEN",Nee,Nee,Nee,Nee,Nee,Nee,Nee,Nee,Nee,Nee,Nee,Nee,Nee,Nee,Nee,Nee,Nee,Ja,Ja,Nee,Nee,Nee,Nee,Nee,Nee,Ja,,,,,,,,,,,,"66.7% Accommodaties (16), 25% Beheerswoningen (6), 8.3% Ligplaatsen (2)","70.8% all (17), 16.7% some (4), 12.5% none (3)",0% (0),0% (0),0% (0)
Zandvillas,1058,https://www.zandvillas.nl/,x,"1,19954E+15",x,Caner,Nederland,Zeeland,,"51,5872441","3,664053",,,"De Groote Duynen, Veerse Meer, North Sea beach De Banjaard, Island of Noord-Beveland, Nature reserve De Schotsman, Oosterschelde National Park, The Donkey House, Beachrestaurant De Dam, Seal Watching, Cilmbing forest Zeeuwse Helden, Deltapark Neeltjes Jans, Nature playground Loverendale ter Linde, Schaapskooi Zeeland, De Jonge Johannes, Hiking with ponies, Steam train Goes Borsele, Het Kaslokaal, Hof Poppendamme, Klok'uus, Prison island, subtropische swimming paradise Omnium, Berkenhof Tropical Zoo, muZEEum, Picking garden la Fleur, The pumpkin shop and picking garden, Middelburg winter city, Dickens winter market veere, Oostkapelle winter festival, Zeelicht, ch",,Nee,,Ja,,,,Nee,,,"Z'and Spa, Yoga by the sea, In-home cooking, Fresh bread delivery service, Delivery service, Horse Riding, Personal training, Dog Spa",Nee,Nee,Nee,Nee,Nee,Nee,Nee,Nee,Nee,Nee,Nee,Nee,Nee,Ja,Ja,Ja,Nee,Nee,Ja,Nee,Ja,Nee,Nee,Nee,Nee,Nee,Nee,Ja,Nee,Nee,Nee,Ja,Nee,Ja,Nee,Ja,,100% De Groote Duynen (85),"50.6% all (43), 49.4% none (42)",0% (0),49.4% (42),1.2% (1)
Harz eco lodges,2763,https://www.harzecolodges.de/,x,1208972470910661,x,,Duitsland,Nedersaksen,Harz,,,,,,,,,,,,,,,,,,,,,,,,,,,,,,,,,,,,,,,,,,,,,,,,,,,,,,,,,,
Hooge Holt,2754,https://www.hoogeholt.nl/,x,1210121073730954,x,,Nederland,Overijssel,Vechtdal,,,,,,,,,,,,,,,,,,,,,,,,,,,,,,,,,,,,,,,,,,,,,,,,,,,,,,,,,,
Soal Beach Resort,,https://www.soalbeachresort.nl,x,,x,,,,,,,,,,,,,,,,,,,,,,,,,,,,,,,,,,,,,,,,,,,,,,,,,,,,,,,,,,,,,,
Aparthotel Zoutelande,641,https://www.aparthotelzoutelande.nl/,x,1158072261504279,,Caner,Nederland,Zeeland,,"51,50084738","3,483282356",,,"Wandelen in Zoutelande en omgeving, Pluktuin Hof Hazenberg, Shoppen in Zoutelande, Fietsen in Zeeland, Nationaal Park Oosterschelde, Deltapark Neeltje Jans, Zoutelande, Westkapelle, Domburg, Vlissingen, Middelburg",,Nee,,Nee,Nee,Nee,Nee,Nee,Ja,,"Gratis wifi, Ontbijtservice, Wassen & drogen, Fietsenstalling, Fiets- & scooterverhuur, Jumbo Supermarkt",Nee,Nee,Nee,Nee,Nee,Nee,Nee,Nee,Nee,Nee,Nee,Nee,Nee,Nee,Nee,Ja,Nee,Nee,Nee,Nee,Nee,Nee,Nee,Nee,Nee,Nee,Nee,Nee,Nee,Nee,Nee,Ja,Nee,Nee,Ja,Nee,,100% Appartementen (14),"57.1% none (8), 42.9% all (6)",0% (0),0% (0),0% (0)
Aqua Centrum (Monda),1704,https://www.aquacentrum.nl/,x,1202403397586212,,,Nederland,Flevoland,Veluwemeer,"52,4148716","5,7453574",,,"Fietspont, Walibi Holland, Dolfinarium, Aviodrome, Anton Pieck Museum, Apenheul, Batavialand, Bataviastad Fashion Outlet, De Orchideeën Hoeve, Kabouterbos, Klimbos, Natuurpark Lelystad, Nederlands Artillerie Museum, Oostvaardersplassen, Zandverhalen, Zwaluwhoeve Wellnessresort",,Ja,,Ja,,,,Ja,,,"Restaurant Dockyard, Strandpaviljoen Bremerbaai, Bremerbaaistrand met speeleiland, Bootverhuur, Jachthaven, Recreatieteam, Bremerbaaistrand met speeleiland",Nee,,,,,,,,,,,,,,,,,,,,,,,,,,,,,,"Ja, in schoolvakanties",Ja,Ja,,,,,"53.8% Andere accommodaties (7), 46.2% Kampeerplaatsen (6)","53.8% none (7), 46.2% all (6)",0% (0),0% (0),0% (0)
ArdenParks Signy l'Abbaye,2288,https://www.signy-labbaye.com/,x,1206701847131772,,,Frankrijk ,,,"49,7037849","4,4035539",,,"Mountainbiken, Kanoen, Boogschieten, Vrijetijdscentrum Etang de la Motte, Woinic: grootse wilde zwijn kunstwerk ter wereld",,Nee,,Ja,,,,Ja,,,"Zwembad, Bar en Snack, Campingwinkel, Sanitair, Wi-Fi, Steenworp van bossen met mountainbike-fitness-parcours en natuurpad",Ja,Ja,Ja,,,,Ja,Ja,,,,,,,Nee,,,,,,,,,,,,,,,,"Ja, onbekend programma",Ja,Ja,,,,Nee,"41.7% Glamping (5), 33.3% Chalets & Gites (4), 25% Terrains de camping (3)","91.7% all (11), 8.3% none (1)",0% (0),0% (0),0% (0)
ArdenParks Tulderheyde,3174,https://www.tulderheyde.be/,x,1211290738094074,,,Belgie,Vlaanderen,Antwerpen,,,,,"Efteling, Beekse Bergen, Pakawi Park, Bobbejaanland, Rocks 'n Rivers, Thermen Goirle",,Ja,Nee,Ja,Ja,Nee,Nee,Ja,Nee,,"Minigolf, zwemvijver met zandstrand, speeltuin, visvijver, jeu de boules baan, voetbalveld, tennisveld, beach bar, bakkerij & koffiehuis, snackbar, animatie, fietsverhuur",Ja,Nee,Nee,Ja,Ja,Nee,Nee,Ja,Nee,Ja,Nee,Ja,Nee,Nee,Ja,Nee,Nee,Ja,Nee,Nee,Ja,Nee,Ja,Nee,Nee,Nee,Nee,Nee,Nee,Nee,Ja in vakantieperiodes,Ja,Ja,Ja,Nee,Ja,,,,,,
Baalse Hei,516,https://www.ardenparks.be/baalse-hei,x,578965946315146,,Caner,België,Antwerpen,Kempen,"51,3564176","4,9637651",,,"Graspop, Dominator Festival, Antilliaanse Feesten, Reggae Geel Festival",,Ja,Ja,Ja,,,,Ja,,,"Zwemvijver met ligstrand, Horeca/Taverne, Speeltuin, Sport en spel, Visvijver, Roeivijver, Fietsverhuur, Animatie",Ja,Nee,Ja,Ja,Ja,Nee,Ja,Ja,Nee,Ja,Nee,Ja,Nee,Nee,Nee,Nee,Nee,Ja,Nee,Nee,Ja,Ja,Ja,Nee,Nee,Nee,Nee,Nee,Nee,Nee,"Ja, in schoolvakanties",Ja,Ja,Ja,Nee,Ja,,"53.8% Lodge (7), 23.1% Glamping (3), 15.4% Terrains de camping (2), 7.7% Chalets & Gites (1)",100% all (13),0% (0),0% (0),0% (0)
Bahia Apartments & Diving,200,https://www.bahia-apartments.nl/,x,1161165433404151,,,Curaçao ,,,"12,3186136","-69,1507617",,,"Boot trips, Jeep and Beach Adventure, Shete Boka Nationaal Park, Christoffel National Park,",,Nee,,Nee,,,,Nee,Ja,,"Snorkelen en Duiken, Bahia Restaurant, Autoverhuur, Receptie, Transfer, Boodschappenpakket",Nee,,,,,,Ja,,,,,,,,,,,,,,,,,,,,,,,,,Nee,Ja,,,,,100% Vakantiehuizen (10),100% none (10),0% (0),0% (0),10% (1)
Beerze Bulten,1534,https://www.beerzebulten.nl/,x,1197234823754972,,Caner,Nederland,Overijssel,Vechtdal,"52,5118188","6,5461196",,,"Vecht float, Natuurmuseum Holterberg, Beerze Bulten fiets- en wandelkaart, Rivier de Vecht, Zandverstuiving de Sahara in Ommen, Besthemerberg, Kasteel Eerde, Archemer- en Lemelerberg, Rondvaartboot De Napoleon, Natuurcentrum de Koppel, Dalfsen, E-Yellow, Cripple Creek Huskies, Outdoor Ommen, Racesquare Zwolle, Pitch & Putt Lemele, Vechtdal Express, Hiawatha Actief Dalfsen/Zwolle, Rederij Peters, Klimbos AvaTarZ, Avonturenpark Hellendoorn, Kinderboerderij Dedemsvaart, Aspergeboerderij Het Nijenhuis & Boerderijwinkel, Sallands Maïsdoolhof en Boer'n Xpeditie, Koe Safari, Attactiepark Slagharen, Plopsa Indoor Coevorden, WILDLANDS Adventure Zoo Emmen, De Bessentuin, De Oldemeijer, Vechtdal Hooglanders streekwinkel, Dinoland Zwolle, De Flierefluiter, Landgoed Kaamps, Drouwenerzand & de Waarbeek, Dierentuin Nordhorn, ZooBizar, Verkeers- & Attractiepark Duinen Zathe, Rijksmuseum Twenthe, De Museumfabriek, Tijd Reis Hardenberg, Museum 'T Stadhuus, Natuurmuseum Holterberg, Theater de Voorveghter, Museum de Fundatie, Historisch Museum Ommen, Museum Buurtspoorwegen, Rijssens Leemspoor, Beeldenthuin Mariënheem",5 sterren,Ja,Ja,Ja,Ja,Ja,Ja,Ja,Nee,,"Giga Konijnenhol, Zwemparadijs, Animatie & Theater, Brasserie de Hagehorst, Beerze Bowling, Beautysalon, Wellness, Giga Spetterpark, Giga Konijnenveld, Bultje's Eetkamer, Fitness en groepslessen, Kanoverhuur, Fietsverhuur, Privé cabines, Bultje's Tuin, Speeltuinen, Supermarkt, Luxe sanitair, Mindervalide faciliteiten, Laadpalen, Minigolf",Ja,Ja,Ja,Nee,Ja,Ja,Ja,Ja,Ja,Ja,Ja,Ja,"Ja, sauna's en een zoutgrot op het vakantiepark",,Ja,Ja,Ja,Ja,Nee,Nee,Nee,Nee,Nee,Ja,Nee,Nee,Nee,Ja,Nee,Ja,"Ja, in schoolvakanties",Ja,Ja,Ja,Nee,Ja,Barbecue bij de woning,"71.4% Andere accommodaties (20), 21.4% Kampeerplaatsen (6), 7.1% Privé cabines (2)","53.6% none (15), 42.9% all (12), 3.6% some (1)",10.7% (3),0% (0),0% (0)
Belnem House Bonaire,2092,https://www.belnemhousebonaire.com/,x,1204537143347041,,,Bonaire,,,"12,12695524","-68,28597817",,,"Pekelmeer, Gotomeer, Washinton Slagbaai, Bonaire National Marine Park, Ocean Oasis, Hangout Beachbar, Sebastians Beach, Klein Bonaire, Duiken, Surfen, Snorkelen",,Nee,,Nee,,,,Nee,Ja,,"Diving Center, Car Rental, Swimming Pool, Sink for dive & Snorkel gear, Washing machine & tumble dryer available, 100 meters from the beach, Several restaurants nearby",Ja,,,,,,,,,,,,,,,,,,,,,,,,,,,,,,,Nee,Ja,,,,,"25% Penthouse (1), 25% Poolside Appartement (1), 25% Belnem Appartement (1), 25% Suites (1)",100% none (4),0% (0),0% (0),0% (0)
Camping 't Geuldal,1844,https://www.camping-geuldal.nl/,x,1202017397152927,,,Nederland,Limburg,Zuid-Limburg,"50,8734521","5,7713725",,,"GaiaZoo, Valkenburg aan de Geul, Zwembad Meerssen, Bonnefantenmuseum, Fietsen & wandelen, Meerssen",,Ja,,Ja,,,,Ja,,,"Binnenspeeltuin: Bie de speelgroeve, Onze Waterspeeltuin, Brasserie, Midgetgolf, Animatie, Buitenspeeltuin, Food afhaalservice, Easy Be afwasservice, Kinderboerderij, Sporten voor volwassenen, IJssalon, Laadpalen elektrische auto's, Sanitair en wasserette, Wifi",Nee,,,,,,,Ja,,Ja,Ja,,,,,,,,,,,,,,,,,,,,"Ja, in schoolvakanties",Ja,Ja,,,,,"50% Kampeerplaatsen (9), 27.8% Accommodaties (5), 16.7% Camperplaatsen (3), 5.6% Jaarplaatsen (1)","83.3% all (15), 16.7% none (3)",0% (0),0% (0),0% (0)
Camping 't Veld,1349,https://www.campingtveld.nl/,x,1197234823754974,,Caner,Nederland,Overijssel,Vechtdal,"52,5469351","6,5721379",,,"Attractiepark Slagharen, Wildlands Emmen, Avonturenpark Hellendoorn, Plopsa Indoor Coevorden, De Koppel natuuractiviteitencentrum, Stad Hardenberg, Dierenpark Nordhorn, Oldemeijer",5 sterren,Ja,,Ja,,,,Ja,,,"Overdekt zwembad, Animatie, Binnenspeeltuin, Campingwinkel, Brasserie, Strandmeer, Vakantie app, Overige voorzieningen",Ja,Ja,Nee,Nee,Ja,Ja,Ja,Nee,Nee,Nee,Nee,Ja,Nee,"Ja, accommodaties met hottub ",Nee,Nee,Ja,Ja,Nee,Nee,Nee,Nee,Nee,Nee,Nee,Nee,Nee,Nee,Nee,Nee,"Ja, in schoolvakanties",Ja,Ja,Ja,Nee,Ja,,"61.5% Andere accommodaties (16), 30.8% Kampeerplaatsen (8), 7.7% Jaarplaatsen (2)","50% all (13), 50% none (13)",0% (0),0% (0),3.8% (1)
Camping de Holterberg,2657,https://www.campingdeholterberg.nl/,x,1208610790593151,,,Nederland,Overijssel,Sallandse Heuvelrug,"52,2918433","6,4345957",,,"Sallandse Heuvelrug: Wandel- en fietsparadijs, Mountainbike route, Nationaal Park De Sallandse Heuvelrug, De Holterberg: de kroon van de Sallandse Heuvelrug, Verken de diverse landschappen,",,Ja,,Ja,,,,Ja,,,"Zwembad, Speeltuinen, Receptie, Restaurant De Harbarg, Fietsverhuur, Overdekte speeltuin, Jeugdhonk de Kakelhof, Recreatieruimte, Dierenparkje, Beachpannaveld, Tafeltennis, Broodjesservice, Sanitair, Wasserette, Milieustrat, Camper service station, Wifi, Laadpaal",Ja,,,,,,Ja,,,,,,,,Nee,,Ja,,,,,,,,,,,,,,"Ja, in het hoogseizoen",Ja,Ja,,,,Nee,"66.7% Kampeerplaatsen (8), 33.3% Vakantiehuizen (4)","83.3% all (10), 16.7% none (2)",0% (0),0% (0),0% (0)
Camping de Paal,1765,https://www.depaal.nl/,x,1201493063781882,,,Nederland,Noord-Brabant,,"51,3363889","5,3558333",,,"Rofra Kanoverhuur, Outdoor Park Reusel, You Jump Eersel, De Ontdekfabriek Eindhoven, Bakkerijmuseum Luyksgestel, Philips museum, Glowgolf Eindhoven, Dippie Doe, Gamestate Eindhoven, Bergeijk, Eindhoven, Valkenswaard",5 sterren,Ja,,Ja,,,,Ja,,,"Buitenzwembad, Overdekt zwembad, Waterspeeltuin, Fietscrossbanen, Arie Safari Speelbos, Spetterplein, Grote Speeltuin, Biebelebontse Paalbergen, Binnenspeeltuin, Animatieteam, Theater, Sporten, Snackbar, Restaurant, Supermarkt",Ja,Ja,,,,,,,,,,,,,,,Ja,,,,,,,,,,,,,,"Ja, in schoolvakanties",Ja,Ja,,,,,"50% Vakantiehuizen (7), 50% Kampeerplaatsen (7)","50% none (7), 35.7% all (5), 14.3% some (2)",0% (0),0% (0),0% (0)
Camping Ginsterveld,2257,https://www.ginsterveld.nl/,x,"1,20914E+15",,,Nederland,Zeeland,,"51,7160449","3,7289539",,,"Beachclub Perry's, Lunchroom La Baguette, Pannenkoekenmolen de Graanhalm, Familie rondvaart De onrust, Rondvaart middelburg, Terra Maris, De oesterij, KANOA outdoor & events, klimbos westerschouwen, deltapark neeltje Jans, Mini Mundi, Stranden, Boswachterij Westerschouwen, Grevelingenmeer, Bunkers, Nationaal park Oosterschelde, Beware Beach, Zeil- en surfcentrum Brouwersdam",,Ja,,Ja,,,,Ja,,,"Zwemmen, Animatie, Receptie, Horeca, Speelkooi, Speelschip, Grote speeltuin, Binnenspeeltuin, Airtrampoline",Ja,Ja,Ja,,Ja,,,,,,,,,,Ja,,Ja,,,,,,,,,,,,,,"Ja, in de schoolvakanties",Nee,Ja,,,,Nee,"55.6% Vakantiehuizen (5), 44.4% Kampeerplaatsen (4)",100% none (9),0% (0),0% (0),0% (0)
Camping Petite Suisse,976,https://www.petitesuisse.be/,x,976168170870650,,Caner,België,Manhay ,Ardennen,"50,23117626","5,63164364",,,"Musea en Attracties, Wandelen en Fietsen, Markten en Brocantes, Natuur, Evenementenagenda, Dochamps, Buitensport, Formule 1 Cicrcuit Spa Francorchamps, Bekijk de activiteiten in de omgeving",4 sterren,Ja,,Ja,,,,Ja,,,"Bar-Cafetaria, Campingwinkel, Zwembad, Speeltuin, Tennisbaan, WiFi, Wasserette, Cashless camping",Ja,Nee,Ja,Nee,Ja,Nee,Nee,Ja,Nee,Nee,Nee,Nee,Nee,,Nee,Nee,Nee,Nee,Nee,Nee,Nee,Nee,Nee,Nee,Nee,Nee,Nee,Nee,Nee,Nee,"Ja, in schoolvakanties",Ja,Ja,Ja,Nee,Nee,,"37.1% Chalets & Gites (13), 25.7% Lodge (9), 22.9% Glamping (8), 14.3% Terrains de camping (5)","68.6% all (24), 28.6% some (10), 2.9% none (1)",0% (0),2.9% (1),0% (0)
Camping Sevink Molen,2063,https://www.hilgerszand.nl/,x,1208348612583963,,,Nederland,Gelderland,Achterhoek,"51,9981847","6,7196405",,,"Strandpaviljoen 't Hilgelo, Beachclub MEER, Pannekoekenhuis Sevink Molen, Nationaal landschap winterswijk, wandelroutes met thema, E-chopper, Sevink avonturenpark,",,Ja,,Ja,,,,Ja,,,"Campingwinkel, Animatie, Strandpaviljoen ’t Hilgelo, Fietsverhuur, Download onze app",Ja,,,Ja,,,,,,,,Ja,,"Ja, accommodaties met hottub of sauna",Nee,,Ja,,,,,,,,,,,,,,"Ja, in de schoolvakanties",Ja,Ja,,,,"Ja, barbecue bij de woning","40% Kampeerplaatsen (6), 33.3% Glamping (5), 20% Accommodaties (3), 6.7% Jaarplaatsen (1)","93.3% all (14), 6.7% some (1)",0% (0),33.3% (5),13.3% (2)
Camping Si-Es-An,1357,https://www.si-es-an.nl/,x,1205779469461242,,,Nederland,Overijssel,Vechtdal,"52,610723","6,3715936",,,"Heuveltjesbosbad, Speelboederij drentse koe, E-chooper, Koe safari, Speelboederij flierefluiter, Attractiepark Slagharen, WILDLANDS adventure zoo, avonturenpark Hellendoorn, Giethoorn",,Ja,,Ja,,,,Ja,,,"Animatieprogramma, Brasserie de Boerderij, Reestdal outdoor, Streekwinkeltje, Broodjesservice, De Hooischuur, Snackcorner, Sportveld, Sanitairgebouw De Reiger en De Ooievaar, Receptie, Pannakooi, Speeltuin, Airtrampoline, Skelters, Wifi op de camping",Nee,,,,,,,,,,,,,"Ja, accommodaties met een sauna of hottub",Ja,,Ja,,,,,,,,,,,,,,"Ja, in schoolvakanties",Ja,Ja,,,,Nee,"59.3% Andere accommodaties (16), 37% Kampeerplaatsen (10), 3.7% Jaarplaatsen (1)","63% all (17), 29.6% none (8), 7.4% some (2)",0% (0),3.7% (1),0% (0)
Camping Sint Maartens Zee,1991,https://www.campingsintmaartenszee.nl/,x,1203314509985569,,,Nederland,Noord-Holland,,"52,7944234","4,6895883",,,"Wandelen&fietsen, Zuiderzeemuseum, Landgoed hoenderdaell, Land van fluwel, Vlindderado, Attractiepark de goudvis, Bloeiend zijpe",,Ja,,Ja,,,,Ja,,,"Fietsverhuur, Bolderkar verhuur, Honden, Supermarkt, Eten op en rond de camping, Oplaadplaats elektrische auto, Receptie, Wasserette, Sanitairgebouwen, Speeltuinen, Duingolf, Omgeving",Nee,,,,,,Ja,,Ja,,,Ja,,,Ja,,Ja,,,,,,,,,,,,,,,Ja,Ja,,,,,"63.2% Kampeerplaatsen (12), 36.8% Accommodaties (7)","94.7% all (18), 5.3% none (1)",0% (0),0% (0),0% (0)
Camping Vreehorst,1713,https://www.vreehorst.nl/,x,1200496788636631,,Caner,Nederland,Gelderland,Achterhoek,"51,9490533","6,6912203",,,"Bekendelle, Nationaal Landschap, Het vragender veen, De steengroeve, Natuurpark de leemputten, Strandbad winterswijk, klimbos ruurlo, sevink avonturenpark, moviepark germany, fiets & wandel routes, Museum more, Wijngaard hesselink, Transit oost, Rosenhaege living gardens, Erve kots, Villa mondriaan","4,5 sterren",Ja,,Ja,,,,Ja,,,"Binnen- en buitenzwembad, Eten en Drinken, Fietsverhuur, Recreatieteam, Vijver, Sauna ‍, Inspiratiepunt ️, Mini-Shop, Sport en spel ️, Pumptrack, Sanitairgebouwen, Wasserette, Mountainbiken ‍️, Oplaadpunt elektrische auto's, Gratis wifi",Ja,Ja,Ja,,Ja,Nee,Nee,Nee,Nee,Nee,Nee,Ja,"Ja, een sauna op het vakantiepark",,Ja,Nee,Ja,Nee,Nee,Nee,Nee,Nee,Nee,Nee,Nee,Nee,Nee,Nee,Nee,Nee,"Ja, in het hoogseizoen",Ja,Ja,Ja,Nee,Nee,,"61.9% Vakantiehuizen (13), 33.3% Kampeerplaatsen (7), 4.8% Jaarplaatsen (1)","76.2% all (16), 19% none (4), 4.8% some (1)",0% (0),0% (0),0% (0)
Camping Zonneweelde,1787,https://www.campingzonneweelde.nl/,x,1201526433813625,,Caner,Nederland,Zeeland,,"51,3819735","3,4574076",,,"Strandpaviljoens, Valkeniershof, Portaal van Vlaanderen, Visserijmuseum breskens, Vuurtoen breskens, Struisvogelboederij, Museum het belfort, Groede podium, De heerenhoeve, Speelboederij pierewiet, De festijn, Zwim natuurpark, Platenbar, Filmhuis, For freefom museum, Museum het bolwerk, Cultuurforim aardenburg, Museumhuis1912, Pluktuin aardenburg, Spa & welness, Wildpluktuin kulderzipke, Toversluis, Plopsaland, Sailing, Moio beach, Golf, De eenhoorn, Het zoete peerd, Strand yoga, Surfers paradise, Snowworld, Raften en suppen, Aqua zwembad sportoase",5 sterren,Ja,,Ja,,,,Ja,,,"Binnenspeeltuin, Sport en spel, Restaurant, Fietsverhuur, Terras, Supermarkt, Waterfun, Piazza take away, Animatie",Ja,Nee,Ja,Nee,,Ja,Ja,Nee,Ja,Nee,Nee,Ja,Nee,,Nee,Nee,Ja,Nee,Nee,Nee,Nee,Nee,Nee,Nee,Nee,Nee,Nee,Nee,Nee,Nee,"Ja, in het hoogseizoen",Ja,Ja,Nee,Ja,Ja,,"65.4% Vakantiehuizen (17), 34.6% Kampeerplaatsen (9)","57.7% all (15), 23.1% none (6), 19.2% some (5)",0% (0),3.8% (1),0% (0)
De Bosgraaf,2339,https://www.bosgraaf.nl/,x,1207508629134564,,,Nederland,Gelderland,Veluwe,"52,1442014","6,0359509",,,"CODA Museum, Nationaal park veluwezoom, nationaal park de hoge veluwe, loenermark, golf op de scherpenbergh, fietstochten in de omgeving, wandelroutes, klimbos veluwe, kabouterbos in klarenbeek, kinderparadijs malkenschoten, apenheul, kinderpretpark julianatoren, burgers zoo,",,Ja,,Ja,,,,Ja,,,"Animatie, Zwembad, Speeltuin en sporten, Eetcafé De Bosgraaf, Receptie, 't Winkeltje & Snackcorner, Fiets- en E-Chopperverhuur, Milieustraat, Oplaadpunt auto en fiets, Wasserette, Wifi en digitale tv, Huisdieren, Airtrampoline",Ja,,,,,,,,,,,Ja,,"Ja, accommodaties met hottub",Ja,,Ja,,,,,,,,,,,,,,"Ja, in schoolvakanties",Ja,Ja,,,,Nee,"91.2% Accommodaties (62), 8.8% Kampeerplaatsen (6)","39.7% all (27), 36.8% none (25), 23.5% some (16)",0% (0),7.4% (5),38.2% (26)
De Boshoek,452,https://www.deboshoek.nl/,x,890744186654424,,Caner,Nederland,Gelderland,Veluwe,"52,1827299","5,6325119",,,"Monkey Town in Voorthuizen, Apenheul, Julianatoren, Maïsdoolhof Voorthuizen, Dierenpark Amersfoort, Buggyrijden, Wandelroutes, Fietsroutes, Waterski / Wakeboard Zeumeren, Oude Ambachten Museum, Nederlands Openlucht Museum, Paleis Het Loo, Wandelroutes, Fietsroutes, Nationaal Park De Hoge Veluwe, Radio Kootwijk, Sauna, Veluwse Bron Sauna & Wellness Resort, Sauna Drôme Putten",5 sterren,Ja,,Ja,,,,Ja,,,"X-Cube Escape Room, Zwembad, Bowlen, Racelounge, Jeu de Boules, Voetbiljart, Minigolf, Sportschool Go! Health Clubs, Schaatsbaan, Animatieteam, Speeltuinen, Speelplein, Restaurant, Ontbijtbuffet, Brunchbuffet, Snackbar, De Markt, Haar- en nagelstudio, Fietsverhuur, Onze tips in de omgeving, Wandel- en fietsroutes",Ja,Ja,Ja,Nee,Ja,Ja,Ja,Nee,Nee,Ja,Ja,Ja,Nee,"Ja, accommodaties met sauna en jacuzzi",Nee,Nee,Ja,Nee,Nee,Nee,Nee,Nee,Nee,Ja,Nee,Nee,Nee,Nee,Nee,Nee,"Ja, programma onbekend",Ja,Ja,Nee,Nee,Nee,Barbecue bij de woning,"86.1% Vakantiehuizen (68), 10.1% Kamers (8), 3.8% Kampeerplaatsen (3)","54.4% all (43), 31.6% none (25), 13.9% some (11)",6.3% (5),12.7% (10),8.9% (7)
De IJsvogel,421,https://www.deijsvogel.nl/,x,578974221896441,,Caner ,Nederland,Gelderland,Veluwe,"52,1923013","5,6621506",,,"Uitstapjes, Lokale tips, Restaurants, Klimbos Garderen, Subtropisch Bosbad Putten, Kickbike Fatbikes van Green Valley, Zandsculpturen in Garderen, Maïsdoolhof Voorthuizen, Fietsroutes op de Veluwe, Superfun in Amersfoort, Kinderparadijs Malkenschoten, Monkey Town, Beleef de smaak van de Veluwe bij 'Wildpraat', Dolfinarium Harderwijk, Ultiem Veluwegevoel ervaar je 'Van het Pad', De Apenheul, Burgers' Zoo, Dierenpark Amersfoort, Ouwehands Dierenpark, Recreatiegebied Zeumeren, Nationaal Park De Hoge Veluwe, De Winterheul, Julianatoren, Paleis Het Loo, Oude Ambachten & Speelgoed Museum, Wijngaard Telgt, BBQ door Mauk, Bierbrouwerij de Vlijt, Stadsbrouwerij Staverden, De Groote Stroe, Biologische Pluimveehouderij 'De Lankerenhof', Forellenkwekerij 't Smallert, Bakker Piet, IJs van Co, Imkerij 't Haagje, Slagerij ter Weele, Veluwse Vachten, Boerderij de Kolke, IJstijd Voorthuizen, Dries van den Berg & Zn., Beeldentuin Garderen, Brasserie Staverden, Planken Wambuis, Eethuisje De Heuveltjes, Landgoed Staverden, Restaurant De Bonte Koe, SchatEiland Zeumeren, Grandcafé Wijntje, Gigi’s Oriental Wine & Dine, Restaurant het Aardhuis, Restaurant Bistro NoVice, De Nunspeetse Golfbaan, Restaurant Klavertje Vier, Restaurant 't Herdertje, Bakkerijmuseum Hattem, Schaapskooi Ermelo, Biologische Tuinderij de Elzenkamp, Bronstijd op de Veluwe, Klimbos Garderen, Subtropisch Bosbad Putten, Kickbike Fatbikes van Green Valley, Zandsculpturen in Garderen, Maïsdoolhof Voorthuizen, Fietsroutes op de Veluwe, Superfun in Amersfoort, Kinderparadijs Malkenschoten, Monkey Town, Dolfinarium Harderwijk, Beleef de smaak van de Veluwe bij 'Wildpraat', Ultiem Veluwegevoel ervaar je 'Van het Pad', De Apenheul, Burgers' Zoo, Dierenpark Amersfoort, Ouwehands Dierenpark, Recreatiegebied Zeumeren, Nationaal Park De Hoge Veluwe, De Winterheul, Julianatoren, Paleis Het Loo, Oude Ambachten & Speelgoed Museum, Beeldentuin Garderen, Landgoed Staverden, SchatEiland Zeumeren, De Nunspeetse Golfbaan, Bakkerijmuseum Hattem, Schaapskooi Ermelo, Bronstijd op de Veluwe, Wijngaard Telgt, BBQ door Mauk, Bierbrouwerij de Vlijt, Stadsbrouwerij Staverden, Veluwe Kaas door Annemarieke, De Groote Stroe, Biologische Pluimveehouderij 'De Lankerenhof', Forellenkwekerij 't Smallert, Bakker Piet, IJs van Co, Imkerij 't Haagje, Slagerij ter Weele, Veluwse Vachten, Boerderij de Kolke, IJstijd Voorthuizen, Dries van den Berg & Zn., Biologische Tuinderij de Elzenkamp, Brasserie Staverden, Planken Wambuis, Eethuisje De Heuveltjes, Restaurant De Bonte Koe, Grandcafé Wijntje, Gigi’s Oriental Wine & Dine, Restaurant het Aardhuis, Restaurant Bistro NoVice, Restaurant Klavertje Vier, Restaurant 't Herdertje",,Nee,,Ja,,,,Ja,,,"Verse Broodjesservice door Bakker Piet, Adventure Minigolf, Tennis & Padelbanen | De Harremaat, Japanese Head Spa, Massage & Wellness by LOOM, De Huiskamer & Mini Shop, De Buiten Bende | Ons animatieteam, Zwembaden | Binnen- én buitenzwembaden, Bowlingbaan, Spraypark | Waterpret voor jong&oud, Voetbalkooi, Speeltuinen, Horeca | Restaurant de Gasterij, Binnenspeeltuin, Visvijver, Escape Kist | Escaperoom ervaring in uw vakantiehuis!, Spel, Bootcamp & Sportlessen met Tino, Feesten en partijen, Snackbar, Draadloos internet, Elektrische auto opladen, Fietsverhuur | E-bikes, stadsfietsen & mountainbikes, Ons fietshotel | Beveiligd en verwarmd, Services | Luxe genieten op de Veluwe, Wasserette",Ja,Ja,Ja,Nee,Ja,Nee,Ja,Nee,Nee,Nee,Ja,Ja,"Ja, wellness studio op het vakantiepark",,Nee,Ja,Nee,Ja,Nee,Nee,Nee,Nee,Nee,Ja,Ja,Nee,Nee,Nee,Nee,Nee,,Ja,Ja,Ja,Nee,Nee,,100% Verhurende eigenaren (41),"51.2% all (21), 41.5% some (17), 7.3% none (3)",2.4% (1),14.6% (6),17.1% (7)
De Leughte,2699,https://www.deleughte.nl/,x,1209626156553444,,,Nederland,Utrecht,,"52,1031726","5,5398809",,,"Utrechtse Heuvelrug, De Hoge Veluwe, De Grebbelinie, Henschotermeer, Amerongse Bos, Ginkelse Heide, Kasteel Amerongen, Pyramide van Austerlitz, Ouwehands Dierenpark, Kasteel Renswoude, Musical 40-45",,Ja,,Ja,,,,Nee,,,"Restaurant de Leughte, Café De Ossestal, Snackbar de Leckers, Parkshop, Binnen- en buitenzwembad, Binnenkort: Speelwoude De Leughte, Educatief speelbos, Visvijver, Speeltoestellen, Schaatsen in de winter, Feest- en muziekavonden, Animatieteam, Fiets-, skelter- en chopperverhuur",Ja,Ja,Ja,,,,Ja,,,,,,,"Ja, accommodaties met sauna",Nee,Ja,,,,,,,,,,,,,,,"Ja, in de weekenden en hoogseizoen",Ja,Ja,,,,Nee,"60% Vakantiehuizen (6), 40% Kampeerplaatsen (4)","40% some (4), 40% none (4), 20% all (2)",0% (0),10% (1),20% (2)
De Rimboe & De Woeste Hoogte,2243,https://www.derimboe.nl/,x,1206374420643709,,,Nederland,Gelderland,Veluwe,"52,1232822","5,9261984",,,"Veluwe, Apeldoorn, Arnhem, Ede, Nationaal Park De Hoge Veluwe, Het Kröller-Müller Museum, Apenheul, Kinderpretpark Julianatoren, Jachthuis Sint Hubertus, Paleis het Loo, Klimbos, Nederlands Openluchtmuseum, Burgers' Zoo, Wandel- en fietsroutes, Mountainbike routes",,Nee,,Ja,,,,Nee,,,"Overdekt buitenzwembad, Zwembad voor kids, Privé wellness, Receptie, Wasserette, Internet en televisie, Diervriendelijk, Routeshop, Brasserie de Kleine Trek, De Smaak van Hoenderloo, Cafetaria, Speeltoestellen, Animatie, Bosvrienden, Fietsverhuur, BBQ service, Broodjesservice",Ja,,,,,,,,,,,Ja,wellness gebouw in ontwikkeling,"Ja, accommodaties met sauna of hottub",Ja,Ja,,,,,,,,,,,,,,,"Ja, in schoolvakanties",Ja,Ja,,,,Barbecue service op het park,100% Vakantiehuizen (21),"38.1% some (8), 38.1% all (8), 23.8% none (5)",0% (0),9.5% (2),14.3% (3)
De Stelhoeve,2310,https://www.stelhoeve.nl/,x,1206294577528975,,,Nederland,Zeeland,,"51,524244","3,981713",,,"Nationaal Park Oosterschelde, Strandjes, Duiken, Zeilen, Gold, Maria Magdalenakerk, Stroomtrein Goes, Bierbrouwerij Slot Oostende, Rijksmonument Kuiperspoort Middelburg, Abdijtoren de Lange Jan, De Oostkerk van Middelburg 1667, Zeeuws Museum, Stadsbrouwerij Middelburg",,Nee,,Ja,,,,Nee,,,"Alleen voor groepsaccomodatie: Voetbal- en pooltafel, Speeltuintje en groot speelveld",Nee,,,,,,,,,,,,,,Nee,Ja,,,,,,,,,,,,,,,,Nee,Ja,,,,Nee,"80% Vakantiehuizen (4), 20% Groepsaccommodatie (1)",100% none (5),0% (0),0% (0),0% (0)
De Watersnip,2276,https://www.watersnip.nl/,x,1206701847264855,,,Nederland,Noord-Holland,,"52,7604722","4,6626594",,,"Zeehonden spotten, Kustbus, Watersporten, Land van fluwel, Bloemenvelden, De duinen van Petten, Dierenpark Hoenderdaell",,Ja,,Ja,,,,Nee,,,"Plons & Parel Indoor Speelparadijs, Fietsverhuur, Musthave Shop Hola Guapa, Elektrische auto, Indoor recreatie, E-chopper verhuur, Banaanvaren, Buitenzwembad, Animatieteam, Fietsroutes, Wasserette, Massageservice, Groepsuitjes, Wifi internet, Wandelroutes, Restaurant, Supermarkt, Snackbar, Huisdieren, Toilet- en douchegebouwen, Surf- en kitesurfschool, Speeltuinen, Openingstijden camping en accommodaties",Ja,,Ja,,,,,,,,,,,,Ja,,,,,,,,,,,,,,,,"Ja, in het hoogseizoen",Nee,Ja,,,,Nee,"90.1% Vakantiehuizen (64), 8.5% Kampeerplaatsen (6), 1.4% Beheerwoningen (1)","78.9% none (56), 21.1% all (15)",22.5% (16),0% (0),0% (0)
De Witte Berg,815,https://www.dewitteberg.nl/,x,902052573907550,,Caner,Nederland,Overijssel,Twente,"52,4236593","6,8931739",,,"Natuurgebied Het Springendal, Uitkijktoren op de Lönsberg, Aboreteum, Natuurlijk crossen, Openlucht Kartbaan Oldenzaal, Trekker rijden, Nostalgisch rijden, Twentetoer, Zwembaden, Bounce Valley Enschede, Avatarz, IJsbaan Twente, Speeltuin en glow in de dark golf Moskieft, Houten speeltuin Uelsen, Speelparadijs Crocky, Maisdoolhof Fleringen, Go Kids, Attractiepark de Waarbeek, Dierentuin Nordhorn, Jump XL, Kidsproof Twente, Avonturenpark Hellendoorn, Attractiepark Slagharen, Spaboerderij, De watertoren, stadpomp en stadsputten, Cosmos Sterrenwacht, Manderveense aardbei, Vissen, Markten, Musea, Othmar Brouwerijtour",5 sterren,Ja,,Ja,,,,Ja,,,"IJsloket, Broodjesservice, Campingwinkeltje, Restaurant 'Bie Heintje', Cafetaria, Teun, Jet en Bram, Speeltuintjes, Indoor speeltuin, Spreekwoordenpad, Visvijver, Animatie, Adventure golf vanaf 2026!, Zwembad, Natuurlijke zwemvijver, Waterspeeltuin, Luxe sanitair, Fietsverhuur, Camperservice station, Oplaadpunt elektrische auto's, Receptie, Openingstijden",Ja,Nee,Ja,Nee,Ja,Nee,Ja,Nee,Nee,Nee,Nee,Ja,Nee,,Nee,Nee,Ja,Ja,Nee,Nee,Nee,Nee,Nee,Nee,Nee,Nee,Nee,Nee,Nee,Nee,"Ja, in schoolvakanties",Ja,Ja,Ja,Nee,Nee,,"44% Vakantiehuizen (11), 44% Kampeerplaatsen (11), 8% Groepsaccommodatie (2), 4% Jaarplaatsen (1)","52% all (13), 40% none (10), 8% some (2)",0% (0),0% (0),8% (2)
Duinhoeve,466,https://www.duinhoeve.nl/,x,985873342896026,,Caner,Nederland,Noord-Brabant,Loonse en Drunense Duinen,"51,6368341","5,1183056",,,"Loonse en Drunense Duinen, Loonse en Drunense Duinen, Van Gogh in Brabant, Van Gogh in Brabant, Kastelen en Musea, Steden en dorpen, Uitstapjes, Wandelen en fietsen, Wandelen en fietsen, Zwemmen in de omgeving, Restaurants in de omgeving",,Ja,,Ja,,,,Ja,,,"Natuurbelevingstuin, Broodjes en ontbijtservice, Tafeltennis, Zwembad, Animatie, Receptie, Speeltuinen, Sanitair, Televisie- ontvangst, Mindervalidensanitair, Fiets & skelterverhuur, Huisdieren, Boodschapjes, Laadpaal, Parkeren, Wasserette, WIFI",Ja,Nee,Ja,Nee,Ja,Nee,Nee,Nee,Nee,Nee,Nee,Ja,Nee,Nee,Nee,,Nee,Nee,Nee,Nee,Nee,Nee,Nee,Nee,Nee,Nee,Nee,Nee,Nee,Nee,"Ja, in schoolvakanties",Ja,Ja,Ja,Nee,Nee,,"65.9% Vakantiehuizen (27), 19.5% Kampeerplaatsen (8), 14.6% Glamping (nieuw) (6)","53.7% all (22), 43.9% none (18), 2.4% some (1)",0% (0),0% (0),0% (0)
Het Verscholen Dorp,1987,https://www.verscholendorp.com/,x,1203455042943384,,,Nederland,Gelderland,Veluwe,"52,3280589","5,6321504",,,"Restaurants in Harderwijk, Top 5 restaurants met kids in de omgeving, Buitenplaats Het Loo, Het Veluwemeer, Escape Tour door Harderwijk, De mooiste mountainbikeroutes op de Veluwe, Wandelroutes door de omgeving, Harderwijk, stad aan het water, Andere steden dichtbij, Escape Tour door Harderwijk, Pittoreske dorpen en steden, Ontdek Utrecht, 5 Leukste musea in de omgeving, Spoorwegmuseum Utrecht, WONDR Experience Amsterdam, Luchtvaartmuseum Aviodrome, De Veluwe, 5 Redenen om de Veluwe te bezoeken, Wandelroutes door de omgeving, Uitjes met slecht weer, Tips van een insider, Tips voor overdekte uitjes met vrienden, familie of collega's, Pittoreske dorpen en steden, Ontdek Utrecht, Avonturenpark Schateiland, Spoorwegmuseum Utrecht, WONDR Experience Amsterdam",,Nee,,Ja,,,,Nee,,,"Verse broodjesservice, Restaurant La Famiglia, Speeltuin, Peuterbad, Verwarmd buitenzwembad, De receptie, Fietsverhuur, Wasserette, Parkeerplaatsen bij de accommodatie",Ja,,Ja,,,,Ja,,,,,,,,Ja,,,,,,,,,,,,,,,,,Ja,Ja,,,,,100% Vakantiehuizen (19),"84.2% all (16), 15.8% none (3)",0% (0),0% (0),0% (0)
Hof van Salland,385,https://www.hofvansalland.com/,x,772740458954827,,Caner,Nederland,Overijssel,Sallandse Heuvelrug,"52,4333532","6,4134731",,,"Wandelen & Fietsen, Streekproducten kopen, Sterrenwacht hellendoorn, Klompenatelier dijkman, Avonturenpark hellendorn, De flierefluiter, Zwembad het ravijn, Zwemparadijs de scheg, Vechtdalhoeve koesafari, Dinoland zwolle, Pitch&Putt, Aero club salland, Forellenkwekerij, Varen, IJsbaan, Theater de tamboer, Museum de laarman, ZINiN film, Natuurmuseum holterberg, Zwiers meubelmakerij museum, middendorpshuis en kruidentuin, Tuinwandeling iron art, Streekmuseum Ommen, Tuinen van Mien Ruys, Landbouwmuseum besthmenertol, Nationaal Tinnen Figuren museum, Beeldentuin Witharen, Bostheater Ommen, Pieterpad, IJsboederij Rosahoeve, Wijngaard de Varsenhof, Rokes Erf, Theeschenkerij RozemArrie, Het junner koeland, Natuurmuseum holterberg, Kinderboedrij Dondertman",5 sterren,Nee,,Ja,,,,Nee,,,"Restaurant De Hazelaer, Zwembad, Fietsen huren, Tennisbaan, Receptie, Speelgelegenheid, Laadpalen",Ja,Nee,Ja,Nee,Ja,Nee,Ja,Nee,Nee,Nee,Nee,Nee,Nee,"Ja, accommodaties met wellness",Ja,Nee,Nee,Nee,Nee,Nee,Nee,Nee,Nee,Nee,Nee,Nee,Nee,Ja,Nee,Ja,Ja,Ja,Ja,Ja,Nee,Nee,Barbecue avond op het park,"90.9% Vakantiehuizen (20), 9.1% Kamers (2)","50% some (11), 31.8% all (7), 18.2% none (4)",0% (0),36.4% (8),4.5% (1)
Hofparken De Bergvennen,2082,https://www.hofparken.nl/de-bergvennen,x,1204352976699747,,,Nederland,Overijssel,Twente,"52,4244007","7,006406",,,"Landgoed Singraven, Attractiepark Slagharen, Cosmos sterrenwacht, Bergvennen & Brecklenkampse Veld, Freibad Nordhorn",,Nee,,Ja,,,,Nee,,,"Wellness, Parkwinkel, Speelweide, Zonovergoten terras, Ligweide, Avonturenkist, E-bike verhuur",Nee,,,,,,Ja,,,,,,,"Ja, accommodaties met sauna",Ja,,,,,,,,,,,,,,,,,Ja,Ja,,,,,100% Vakantiehuizen (13),"53.8% some (7), 30.8% all (4), 15.4% none (2)",0% (0),61.5% (8),53.8% (7)
Hofparken Wiltershaar,2081,https://www.hofparken.nl/wiltershaar,x,1204352976699747,,,Nederland,Gelderland,Achterhoek,"51,9508273","6,7758279",,,"Het strandbad, Lichtenvoorde, Steengroeve van Winterswijk, Recreatiegebied Hilgelo, Golfbaan de Voortwisch, Nationaal Landschap, Villa Mondriaan, Wijngaard Hesselink, Zwilbrocker Venn",,Nee,,Ja,,,,Nee,,,"Parkwinkel, Natuurlijke zwemvijver, Ligweide, Picknick faciliteiten, Petanque-banen, E-bike verhuur, Avonturenkist",Nee,,,Ja,,,Ja,,,,,,,"Ja, accommodaties met sauna en hottub",Ja,,,,,,,,,,,,,,,,,Ja,Ja,,,,,"95.8% Vakantiehuizen (23), 4.2% Kamers (1)","58.3% all (14), 37.5% some (9), 4.2% none (1)",0% (0),58.3% (14),45.8% (11)
Hölte,262,https://www.holte.nl/,x,1198186737581196,,Caner,Nederland,Overijssel,Sallandse Heuvelrug,"52,3005743","6,4628145",,,"De Sallandse Heuvelrug, De Regge, Natuurgebied De Borkeld, Natuurgebied De Lemelerberg, Natuurgebied Het Lutterzand, Natuurgebied De Sprengenberg, Hoog Holten, 't Losse Hoes, De Swarte Ruijter ⭐, Bistro de Holterberg, Hollywood, Da Vinci, Deja-vu, Tastoe, Buitengewoon Holten, Grand Café de Biester, De Pannenkoekenbakker Holten, Ivo's Restobar, Bakkerij Nijkamp, Jackies NYCuisine, Brodshoes Rijssen, Fietsen en wandelen, Liberation wandelroute Sallandse Heuvelrug, Wereldtijdpad in Rijssen en Holten, BikePark Salland, MTB-Routes rond Hellendoorn, Overtoom-Middelveen, Bezoekerscentrum De Sallandse Heuvelrug, Canadian War Cemetery, Landgoed Twickel, Natuurmuseum Holterberg, Rijssens leemspoor museum, Rijssens museum de Oosterhof, Ontdek de pelmolen, Brandweer museum, Windkerenmolen de Hegeman",,Nee,,Ja,,,,Nee,,,"Verwarmd buitenzwembad, Fietsverhuur, Ontbijtservice in je huisje, Buitensport, Laadpalen voor elektrische auto's",Ja,Nee,Ja,Nee,Nee,Nee,Ja,Nee,Nee,Nee,Nee,Ja,Ja,"Ja, accommodaties met sauna en hottub",Ja,Nee,Nee,Ja,Nee,Nee,Nee,Nee,Nee,Nee,Nee,Nee,Nee,Nee,Nee,Nee,,Ja,Ja,Ja,,,,100% Vakantiehuizen (28),"53.6% all (15), 39.3% none (11), 7.1% some (2)",0% (0),25% (7),32.1% (9)
Les Forges Villas,1590,https://www.villaparcs.nl/les-forges-villas,x,1184042458926338,,,Frankrijk ,,,"46,54095226","-0,03767200793",,,"Golf Bluegreen Des Forges, Regionaal natuurpark Marais Poitevin",,Nee,,Ja,,,,Nee,,,"Buitenzwembad, Golfbaan op loopafstand, Animatie, Parkeren, Veranda en terras, Sportveld, Jeu de boules, Elektrische auto's, Wifi",Ja,,Ja,,,,,,,,,,,,,,,,,,,,,,,,,,,,"Ja, in juli en augustus",Ja,Ja,,,,,"77.8% Vakantiehuizen (7), 22.2% Beheerwoningen (2)",100% all (9),0% (0),0% (0),0% (0)
Mölke,304,https://www.molke.nl/,x,1198186737581194,,Caner,Nederland,Overijssel,Twente,"52,3269198","6,5183975",,,"Sallandse Heuvelrug, De Regge, Het Reggedal, Fietsen en wandelen, Avonturenpark Hellendoorn, De Apenheul, Internationaal brandweermuseum, IJsboerderij 'n Mors, Streekproducten, De Wijnmakers, Kalfsvlees Zuna, Reggezuivel, Zunakaas",5 sterren,Ja,,Ja,,,,Ja,,,"Restaurant, Streekwinkel, Snackbar, Kanovaren, Fluisterbootjes, Suppen, Green buggy, Visvijver, Green scooter, Fietsverhuur, Showbowlen, Binnenspeeltuin, Overdekt zwembad, Escape-kist, Animatieteam, Strandje aan de Regge, Buitenspeeltuin, Skelterverhuur, All-weather sportveld, Mini-LandRovers, Airtrampoline",Ja,Ja,Nee,Nee,Ja,Ja,Ja,Nee,Nee,Ja,Ja,Ja,Ja,"Ja, accommodaties met sauna en hottub",Ja,Ja,Ja,Nee,Ja,Nee,Nee,Nee,Nee,Nee,Ja,Nee,Nee,Nee,Nee,Nee,"Ja, in schoolvakanties",Ja,Ja,Nee,Nee,Ja,Barbecue arrangementen,"91.6% Andere accommodaties (87), 7.4% Kampeerplaatsen (7), 1.1% Vakantiehuizen (1)","57.9% all (55), 26.3% none (25), 15.8% some (15)",0% (0),15.8% (15),28.4% (27)
Noetselerberg,405,https://www.noetselerberg.nl/,x,578968230005954,,Caner,Nederland,Overijssel,Sallandse Heuvelrug,"52,35039898","6,455183642",,,"Nationaal Park Sallandse Heuvelrug, Sterrenwacht Hellendoorn, Kartplaza Actionworld, Avonturenpark Hellendoorn, Kinderboerderij Dondertman, Fietsen en wandelen, Speelbospad, De Wilgenweard, Mountainbiken, Golfclub de Koepel, Recreatieplas Het Lageveld, Memory Vrijheidsmuseum, Bakkerij- en IJsmuseum, Natuurdiorama Holterberg",5 sterren,Ja,,Ja,,,,Ja,,,"Receptie en infopunt, Wifi, Huisdieren, Laadpalen, Gratis Digitale leesmap, Fiets- en MTB verhuur, Bistro de Oale Ste, Horeca, Winkel, Buitenzwembad, Indoor speeltuin, Sportfaciliteiten, Speelfaciliteiten, Sanitair",Ja,Ja,Ja,Nee,Ja,Ja,Ja,Ja,Ja,Ja,Nee,Nee,Nee,Nee,Ja,Ja,Ja,Nee,Nee,Nee,Nee,Nee,Ja,Nee,Nee,Nee,Nee,Nee,Nee,Nee ,"Ja, in schoolvakanties",Ja,Ja,Ja,Nee,Nee,,"63.6% Andere accommodaties (14), 31.8% Kampeerplaatsen (7), 4.5% Jaarplaatsen (1)","63.6% none (14), 22.7% all (5), 13.6% some (3)",0% (0),0% (0),0% (0)
Onthaasten in de Achterhoek,245,https://www.onthaastenindeachterhoek.nl/,x,794406698773894,,Caner,Nederland,Gelderland,Achterhoek,"52,00658494","6,608037087",,,"Boeren golf, golfen tussen de koeien, Kaasmakerij, Scooters en andere voertuigen, Golfclub ’t Lohr, Pannenkoekenhuis & Openlucht museum, Wijngaard Schepershof, Loco Lievelde, Welgelegen  Restaurant & Bootshuis, De Stadsch Pomp, Welgelegen, Grand Café Markt 5, Markant, Hoofdkwartier van de Prins, Restaurant Kruidt, Historie tweede wereld oorlog, Megapret, Zwemparadijs in Bocholt, Duitsland, Servicetheater Skopein Winterswijk, Albert Heijn Lichtenvoorde",,Nee,,Ja,,,,Nee,,,"Massage op locatie, VIP pakket, Hottub service, Tennissen",Ja,Nee,Nee,Nee,Nee,Nee,Ja,Nee,Nee,Nee,Nee,Nee,Nee,"Ja, accommodaties met sauna en hottub",Ja,Nee,Nee,Nee,Nee,Nee,Nee,Nee,Nee,Nee,Nee,Nee,Nee,Nee,Nee,Nee,Nee,Ja,Nee,Ja,Nee,Nee,,"93.3% Vakantiehuizen (14), 6.7% Ligplaatsen (1)","53.3% none (8), 46.7% all (7)",0% (0),86.7% (13),86.7% (13)
Parc Madeleine,1343,https://www.villaparcs.nl/parc-madeleine,x,1184042458926338,,,Frankrijk ,,,"45,41569432","6,363936094",,,"Franse Alpen, Skien, Zwembad, Welness, Bowling",,Nee,,Ja,,,,Nee,,,"Parkeren, Restaurant, Skilockers, Broodjes service, Speelhoek & vide, Ski huur",Nee,,,,,,Ja,,,,,,,,,Ja,,,,,,,,,,,,,,,,Ja,Ja,,,,,100% Vakantiehuizen (8),"62.5% all (5), 37.5% some (3)",0% (0),0% (0),0% (0)
Park Drentheland,2591,https://www.parkdrentheland.nl/,x,1209139423799508,,,Nederland,Drenthe,,"52,9221815","6,2528848",,,"De Jongens van Outdoor, Speeltuin D'elf leken, Paardrijden, Bad & Klimpark Hesselingen, Wildlands Adventure Zoo, Speel- en IJsboederij De Drentse koe, Verkeers- en attractiepark Duinen Zathe, The Nature Game, Landgoed vol verrassingen, Zoo Bizar in Orvelte, Zwembaden in de omgeving, Buitencentrum Appelscha, Speeltuin D'elf leken, Speel- en Dierenpark Sanjes Safari, Vlinderparadijs Papiliorama, Paardrijlessen bij de Ludanchelo Hoeve, Hunebedden, Museum de Proefkolonie, Miramar Zeemuseum, Herinneringscentrum Park Westerbork, Gevangenismuseum Veenhuizen, Drents Museum, Jan Kruis Museum, OER museum, Hunebedcentrum Borger, Museum Valse Kunst, Nationaal Vlechtmuseum Noordwolde, Natuurmuseum Leeuwarden, Van Gogh huis Drenthe, Openluchtmuseum Ellert en Brammert, TT circuit Assen, Sauna Het Friese Woud, Geopark De Hondsrug, Kaasboederij De Stelp",,Ja,,Ja,,,,Nee,,,"Minimarket, Paardenstalling, Zwembad, Buitenbar, Tennisbaan, Speelzolder, Minigolf, Kampvuurplaats, Huur een barbecue, Fietsverhuur, Dieren Doe Pad, Speelveld, Live muziek, E-chopper verhuur, Het Koloniepad, Honden uitlaatbos",Ja,,,,,,,Ja,,,,Ja,,,Ja,,Ja,,,,,,,,,,,,,,,Ja,Ja,,,,"Ja, barbecue services","71.4% Vakantiehuizen (10), 21.4% Kampeerplaatsen (3), 7.1% Paardenstallen (1)","85.7% all (12), 7.1% some (1), 7.1% none (1)",0% (0),0% (0),0% (0)
Recreatiepark Den Blanken,2653,https://www.recreatieparkdenblanken.nl/,x,1208578916010186,,,Nederland,Gelderland,Achterhoek,"52,1758322","6,5907985",,,"IJsboederij 't Dommerholt, Oogstfeesten, Pannekoeken boederij de Heikamp, Wijngaard Hesselink, Wijnhoeve Kunneman, Klimbos Achterhoek, Erve Brooks, Hof van Eckberge, Overdekt pretpark Bommelwereld, Huis te Diepenheim, kasteel Nijenhuis, kasteel Warmelo, kasteel Wegdam, kasteel Weldam, kasteel Westerflier, Geologisch natuurpad needse, vleerroute, boerderijmuseum de lebbenbrugge, houtzaagmolen Agneta, Museum MORE, KAsteel vorden, Kasteel Twickel, Vissen",4 Sterren ,Ja,,Ja,,,,Ja,,,"Animatie, Binnenspeeltuin, Buiten spelen, Buitenzwembad, Bistro De Hoeve, Snackbar, Jeu de boulesbaan, Voetbalveld, Broodjesservice, Receptie, Sanitair en wasserette, Skelters, Wifi",Ja,,Ja,,,,,,,,,,,"Ja, accommodaties met hottub en/of sauna",Nee,,Ja,,,,,,,,,,,,,,"Ja, in de schoolvakanties",Ja,Ja,,,,Nee,"52.6% Vakantiehuizen (10), 36.8% Kampeerplaatsen (7), 10.5% Camperplaatsen (2)","42.1% none (8), 36.8% some (7), 21.1% all (4)",0% (0),15.8% (3),21.1% (4)
Sallandshoeve,1312,https://www.sallandshoeve.nl/,x,"1,15072E+15",,Caner,Nederland,Overijssel,Sallandse Heuvelrug,"52,3215062","6,3429455",,,"Natuurdiorama de Holterberg, Indoor en outdoor speeltuin de Flierefluiter, Avonturenpark Hellendoorn, Dinoland Zwolle, Apenheul Apeldoorn, Kunstijsbaan de Scheg Deventer, Sallands Maisdoolhof Lemelerveld, Boer’n Xpeditie Lemelerveld, Natuurdiorama de Holterberg, Indoor en outdoor speeltuin de Flierefluiter, Avonturenpark Hellendoorn, Dinoland Zwolle, Apenheul Apeldoorn, Kunstijsbaan de Scheg Deventer, Sallands Maisdoolhof Lemelerveld, Boer’n Xpeditie Lemelerveld, Golfclub de Koepel, Golfclub Erve Braakman, Sallandsche Golfclub ‘De Hoek’, Twentsche Golfclub, Golfclub de Koepel, Golfclub Erve Braakman, Sallandsche Golfclub ‘De Hoek’, Twentsche Golfclub, Wechelerveld route, BikePark Salland, Blauwe route Holten, Paarse route Hellendoorn, Oostermaet route, Salland route, Wechelerveld route, BikePark Salland, Blauwe route Holten, Paarse route Hellendoorn, Oostermaet route, Salland route, Nationaal Park de Sallandse Heuvelrug, Buitencentrum Sallandse Heuvelrug, Kasteel Het Nijenhuis, Een leven lang Boer, Canadese Begraafplaats, De Sprengenberg, Landbouw museum de Laarman, American Motorcycle museum, Nationaal Park de Sallandse Heuvelrug, Buitencentrum Sallandse Heuvelrug, Kasteel Het Nijenhuis, Een leven lang Boer, Canadese Begraafplaats, De Sprengenberg, Landbouw museum de Laarman, American Motorcycle museum, Top 10 heideroutes, Koeweide route, Ommetje Holterberg, Oranje route Sprengenberg, Top 10 heideroutes, Koeweide route, Ommetje Holterberg, Oranje route Sprengenberg",4 sterren,Ja,,Ja,,,,Ja,,,"Receptie, Animatieteam, Restaurant Boerderij Sallandshoeve, Binnenzwembad, Speeltuin, Speelvijver, Toiletgebouw, Skelterverhuur, Midgetgolf, Tafeltennistafel, Interactieve voetbalmuur, Spellenplein, Fietsverhuur, Massagesalon, Wifi, Winkel, Binnenspeeltuin",Ja,Ja,Nee,Ja,Ja,Nee,Nee,Nee,Nee,Nee,Nee,Ja,Ja,"Ja,  accommodaties met privé jacuzzi ",Nee,Ja,Nee,Nee,Nee,Nee,Nee,Nee,Nee,Nee,Nee,Nee,Nee,Nee,Nee,Nee,"Ja, april t/m agusutus",Nee,Ja,Ja,Nee,Nee,,"80% Vakantiehuizen (36), 8.9% Kampeerplaatsen (4), 6.7% Appartementen (3), 4.4% Kamers (2)","66.7% all (30), 17.8% some (8), 15.6% none (7)",0% (0),2.2% (1),2.2% (1)
Sandberghe,244,https://www.sandberghe.nl/,x,1201164100646601,,Caner,Nederland,Noord-Brabant,,"51,6675775","5,5763734",,,"Mastworp Fietsverhuur en Klimpark, Hullie Speelboerderij, Gym, Dierenpark Zie-Zoo, Billy Birdpark Hemelrijk, Alpacafarm Vorstenbosch, Kinderboederij Groenhoeve, Dollie's Bowling en Gamingcenter, Escaperoom Hotel Veloria, Golfpark de bonte bij, Stuifduinen van bedaf, natuurgebied de maashorst, wandelroutes, kabouterpad, docus de das avontirenpad, speelbos, Molen van jetten, Museum krona, Tentoonstelling 'bewogen landschap in beweging', De Bedafse Pier, Bar bistro duco, Gossimijne uden, Gastrobar blitz, De eetkaAmer, Umaizo sushi",,Nee,,Ja,,,,Ja,,,"Kom tot rust in de sauna, Het Doe & Ontdek team, Plons in het zwembad, Beleef pret in de speeltuin, Verblijven met je paard, Geniet bij de Bedafse Pier, Trek eropuit in de Maashorst, Speel binnen én buiten, Ontdek de moestuin, Fietsverhuur en Klimpark, Kook op de buitenkeukens, Maak een kampvuur",Ja,Nee,Ja,Nee,Ja,,,Ja,,,,,"Ja, een sauna op het vakantiepark",,Ja,,,,,,,,,,,,,,,,,Ja,Ja,,,,Barbecues te huur op het park,"91.5% Vakantiehuizen (43), 8.5% Kampeerplaatsen (4)","80.9% all (38), 17% some (8), 2.1% none (1)",0% (0),17% (8),31.9% (15)
Strandweelde,1786,https://www.strandweelde.nl/,x,1210624898913068,,,Nederland,Zeeland,,"51,3819735","3,4574076",,,,,Nee,,Ja,,,,,,,"Bagageservice, Broodjesservice, Pizzaservice, Fietsverhuur, Huisjes ligeen aan de kust",Nee,,,,,,,,,,,,,,,,,,,,,,,,,,,,,,,Ja,Ja,,,,,100% Andere accommodaties (3),"66.7% all (2), 33.3% none (1)",0% (0),0% (0),0% (0)
t Noorder Sandt,2571,https://www.noordersandt.nl/,x,1208177801927666,,,Nederland,Noord-Holland,,"52,9058483","4,7248693",,,"Julianadorp aan Zee, De Helderse Vallei, Bloembollenvelden, Kanoen, Wandelen, Fietsen, SUP, Strand & Zee, Fort kijkduin, Marine museum, De goudvis, Landgoed hoenderdaell",,Ja,,Ja,,,,Ja,,,"'t Sandtcafé, Restaurant 't Sandt, 't Sandtpaviljoen Zee van Tijd, De Buitenkeuken, Kindertheater en slaaptrein, Speeltuinen, Watersport, Zwembad 't Spetternest, Receptie, Sanitair, Fietsverhuur, Bijentuin, Laadpaal voor je elektrische auto, Honden",Ja,Ja,,,,,Ja,,,,,,,,Ja,,,,,,,,,,,,,,,,"Ja, in de schoolvakanties",Ja,Ja,,,,Nee,"50% Accommodaties (8), 50% Kampeerplaatsen (8)","93.8% all (15), 6.3% none (1)",0% (0),0% (0),0% (0)
Tusken de Marren,718,https://www.tuskendemarren.nl/,x,695978092982135,,Caner,Nederland,Friesland,,"53,0501131","5,8245198",,,"Café Kromme Knilles, Hotel/restaurant Goerres, Haventerras De Koken, Fietsverhuur, Step verhuur, E-chopper verhuur, Sloep en motorbootjes verhuur, Zeilboot verhuur, Elektrische sloepen verhuur, SUP verhuur, Wellness in Akkrum, IJsboerderij Boereiis, Kameleondorp Terherne, Kaas- en beleef boerderij de Deelen, Suptropisch zwemparadijs Swimfun, Speelbos Joure, Dierentuin AquaZoo Leeuwarden, Klimpark Aventoer, Attractiepark Duinen Zathe, Natuurgebied de Deelen, Nationaal Park de Alde Feanen, Koninklijk bos Oranjewoud, Kale Duinen, Fries scheepvaart museum, Planetarium, Natuurmuseum Fryslân – Leeuwarden, Ir. D.F. Woudagemaal, Jopie Huisman museum, Schaatsmuseum",,Nee,,Ja,,,,Nee,,,"Vismogelijkheden, Bootverhuur, Ligplaatsen, Ontbijt- en broodjesservice, Borrelbox, Boodschappenpakketten, Barbecueën, Private dining met Mies, Gourmetten, Receptie, Wait App, Wasserette, Linnengoedservice, Speeltuin",Ja,Nee,Nee,Ja,Nee,Nee,Nee,Nee,Nee,Nee,Nee,Nee,Nee,"Ja, accommodaties met buitenspa",Nee,Nee,Nee,Ja,Nee,Nee,Nee,Nee,Nee,Nee,Nee,Ja,Ja,Ja,Nee,Ja,"Ja, in het hoogseizoen",Ja,Ja,Nee,Nee,Ja,Barbecue service op het park,100% Vakantiehuizen (20),"40% all (8), 40% some (8), 20% none (4)",0% (0),25% (5),20% (4)
Vakantiepark 't Rheezerwold,413,https://www.rheezerwold.nl/,x,655970350381185,,Caner,Nederland,Overijssel,Vechtdal,"52,5745642","6,566618",,,"Attractiepark Slagharen, Avonturenpark Hellendoorn, Plopsa Indoor Coevorden, Dinoland, Drouwenerzand, Klimbos NuNature, Total Outdoor Events, Expedition Outdoor, Tuk Tuk rijden, De Flierefluiter, Pitch&Putt Lemele, Aktief Overijssel, Kanohuur de Vecht, Natuuractiviteitencentrum de Koppel, De Bessentuin, IJshoeve Bosman, Koe-Safari, Vechtdal Hoeve, Vechtezomp Grammesberghe, Speelbos in het hol van de Leeuw, Groot Sallands Maïsdoolhof, Kinderboerderij Dekibo, De Flierefluiter, Plopsa Indoor Coevorden, Monkey Town, Cowboys en Indianen, Escaperoom Coevorden, Escaperoom Hardenberg, Jump XL Hengelo, Kartplaza, Bioscoop Hardenberg, Theater de Voorveghter, Kidscity Borne, Alpacaboerderij Lemelerveld, Speeltuin de Morskieft, Wildlands Adventure Zoo Emmen, Dierentuin Nordhorn, Apenheul, Dierenpark Taman Indonesia, Aqua Zoo Leeuwarden, Kinderboerderij DeKibo, Recreatieplas 'De Oldemeijer', Zwembad de Slag, Heuveltjes Bosbad, Zwemplas Schoonhoven, Paviljoen Nijstad, Hunebed Centrum Borger, Kalkovens Dedemsvaart, Kasteel Bentheim, De Lokkerij Reestdal, Openluchtmuseum Ellert en Brammert, Museum de Fundatie, Veenmuseum Vriezenveen, Industrieel Smalspoor Museum, Museum Wonderryck Twente, Oyfo Techniekmuseum, De Museumfabriek, Wandelnetwerk Vechtdal, Fietsroutenetwerk, IJshoeve Bosman, Knof de Pad, Boerderijroute Reestdal, Uitkijktoren de Stokte, Happen & Trappen route van Vecht zur Vechte, Happen & Trappen aan de Overijsselse Vecht, Overijssels Vechtdal, Natuurgebied Collendoorn, Het Reestdal, Het Engelandsche Bos, De Engbertdijksvennen, Recreatieplas 'De Oldemeijer', Tuinen Mien Ruys, Pantropica, De Vijvertuinen van Ada Hofman",5 sterren,Ja,,Ja,,,,Ja,,,"Animatie, Wollie de Eekhoorn, Interactieve speelboog, Airtrampoline, Musicball, Supernova, Speeltuinen, Fiets en skelterverhuur, Kabelbaan, Animatie, Interactives, Visvijver, Jeu de boules, Tennisbaan, Basketbal, Volleybal, Brasserie, Cafetaria, Terras, Minishop, Plaza, Binnenzwembad, Buitenzwembad, Sauna, Receptie, Fiets en skelterverhuur, Huisdiervriendelijk, Wifi, Oplaadpunt elektrische auto's, Wasserette, Sanitair",Ja,Ja,Ja,Nee,Ja,Nee,Nee,Nee,Nee,Nee,Nee,Ja,Nee,"Ja, accommodaties met privé sauna",Ja,Nee,Nee,Ja,Nee,Nee,Ja,Nee,Nee,Nee,Nee,Nee,Nee,Nee,Nee,Nee,"Ja, in schoolvakanties",Nee,Ja,Ja,Nee,Nee,,"68% Vakantiehuizen (17), 24% Kampeerplaatsen (6), 4% Camperplaatsen (1), 4% Jaarplaatsen (1)","48% all (12), 44% none (11), 8% some (2)",8% (2),0% (0),4% (1)
Vakantiepark Ackersate,830,https://www.ackersate.nl/,x,1107589013522279,,Caner,Nederland,Gelderland,Veluwe,"52,186648","5,6253515",,,"Apenheul, Julianatoren, Dierenpark Amersfoort, Speelboederij de happyfarm, Schateiland, Klimbos, Veluws Zandsculpturenfestijn, Maisdoolhof, Monkeytown, Veluwe, Fietsen&wandelen",5 sterren,Ja,,Ja,,,,Ja,,,"Zwembad, Trampolinepark, Animatie / Theater, Kinderfeestjes, Watervallei, Speeltuin, Binnenspeeltuin, Dierenweide, Groot Buitenbad, Groot Binnenbad, Kinderbad, Spetterbad, Crazy Cone, Super Glider, Sport en spel, Midgetgolf, Tennis & padel, Horeca, Fietsverhuur, Sanitaire voorzieningen, Wifi, Oplaadpunt elektrische auto, Scooterverhuur",Ja,Ja,Ja,Nee,Ja,Ja,Ja,Ja,Ja,Ja,Nee,Ja,Nee,"Ja, sauna",Ja,Nee,Ja,Nee,Nee,Ja,Ja,Nee,Ja,Ja,Nee,Nee,Nee,Ja,Nee,Nee,"Ja, in schoolvakanties",Ja,Ja,Nee,Nee,Nee,,"66.1% Vakantiehuizen (41), 19.4% Kampeerplaatsen (12), 9.7% Andere accommodaties (6), 1.6% Ligplaatsen (1), 1.6% Overige (1), 1.6% Seniorenreizen (1)","48.4% all (30), 43.5% none (27), 8.1% some (5)",3.2% (2),3.2% (2),0% (0)
Vakantiepark De Wiltzangh,2524,https://www.vakantieparkdewiltzangh.nl/,x,"1,20908E+15",,,Nederland,Drenthe,,"52,7834549","6,3685595",,,"Nationaal Park Dwingelderveld, Nationaal Park Drents-Friese Wold, Giethoorn, Meppel, Fiets- en wandelroutes, De sluisdagen, Shakespeartheater, Museum De Proefkolonie, Herinneringscentrum Kamp Westerbork, Speel- en ijsboerderij De Drentse Koe, Vogelpark Ruinen, Attractiepark Slagharen, De Luie Tuinman",,Nee,,Ja,,,,Nee,,,"Buitenzwembad, Fietsverhuur, Broodjesservice, E-Chopper verhuur, Minigolf, Speeltoestellen, Wasserette",Nee,,,,,,,,,,,,,,,,,,,,,,,,,,,,,,,,,,,,,"64.1% Accommodaties (25), 25.6% Beheerswoningen (10), 10.3% Kampeerplaats (4)","48.7% all (19), 33.3% none (13), 17.9% some (7)",0% (0),12.8% (5),30.8% (12)
Vakantiepark Familiehuis Nunspeet,3,https://www.familiehuisnunspeet.nl/,x,578970200998879,,Caner ,Nederland,Gelderland,Veluwemeer,"52,39215595","5,730360828",,,"Snackbar, Nationaal Park De Hoge Veluwe, Veluwemeer, Zandenplas, Zandenbos, Noord-Veluws museum, Bezoekerscentrum, Molen de Duif, Zwembad ""de Wiltsangh"", Golfbaan: Het rijk van Nunspeet, Rondvaarten",,Nee,,Ja,,,,Nee,,,"Fietsverhuur, Oplaadpaal, Parkeren, Strand, Wasserette, Wi-Fi, Verkooppunt Reformatorisch Dagblad, Honden, ‍ Animatieteam, Beachvolleybalveld, Tafeltennistafel & Tafelvoetbaltafel, Voetbalveld, Speeltuin, ‍ Watersport, Viswater, ‍ Verhuur van kano’s en supboards, Broodjesservice",Ja,Nee,Nee,Ja,Ja,Nee,Nee,Nee,Nee,Nee,Nee,Ja,Nee,"Ja, accommodaties met sauna en jacuzzi",Nee,Nee,Nee,Ja,Ja,Nee,Nee,Nee,Nee,Nee,Nee,Ja,Ja,Nee,Ja,Ja,"Ja, in schoolvakanties",Ja,Ja,Ja,Ja,Ja,,100% Vakantiehuizen (33),"48.5% none (16), 30.3% all (10), 21.2% some (7)",0% (0),12.1% (4),6.1% (2)
Vakantiepark Hellendoorn,1884,https://www.vakantieparkhellendoorn.nl/,x,1202207641110107,,,Nederland,Overijssel,Sallandse Heuvelrug,"52,4062803","6,4339344",,,"Sallandse Heuvelrug, Mountainbike / ATB routes, Wandelen en fietsen, Avonturenpark Hellendoorn, De Regge, Dorpen & steden, Natuurmuseum Holterberg, Evenementen in de omgeving, Uitstapjes met kinderen, Visit Twente, Eelerberg",,Nee,,Ja,,,,Nee,,,"Restaurant Tante Stoof, Fietsverhuur, Speelvijvers, Speeltuinen, Midgetgolf, Snackbar, Gratis Wi-Fi in elke bungalow",Nee,,,,,,Ja,,,,,Ja,,,,Ja,,,,,,,,,,,,,,,"Ja, in schoolvakanties",Ja,Ja,,,,,100% Vakantiehuizen (10),"40% none (4), 40% all (4), 20% some (2)",0% (0),0% (0),0% (0)
Vakantiepark Latour,2112,https://www.kempenrecreatie.nl/latour,x,1204976375818112,,,Nederland,Noord-Brabant,,"51,4964249","5,3199092",,,"Efteling, 't Geitenboerke, Dierenrijk Nuenen, Klimrijk Brabant, Speelpark de Splinter, Toverland, Paintballen in het bos, Rofra sportieve activiteiten, Karten Eindhoven, Landgoed Duynenwater, Next level escape room, Wellness, High Tea Veldhoven, De Wijer, Vlasroot, Philips Museum, DAF Museum, Brouwerij de Oirsprong, Van Gogh Museum Brabant, Kaarsenmakerij Keerf, Prehistorische grafheuvels van Veldhoven, Nationaal Monument Kamp Vught",,Nee,,Ja,,,,Nee,,,"Receptie, Speeltuinen, Tennis en padelbanen, Zwembad Feel Fit Center, Fietscrossbaan, Sport en gezondheid, Airtrampoline, Fietsverhuur, Spelparcours, Wait app, Mini-shop",Nee,,,,,,,,,,,,,"Ja, accommodaties met een sauna",,Ja,,,,,,,,,,,,,,,"Ja, in juli en augustus",Ja,Ja,,,,,100% Vakantiehuizen (10),"60% none (6), 30% some (3), 10% all (1)",10% (1),0% (0),10% (1)
Vakantiepark Leukermeer,1328,https://www.leukermeer.nl/,x,1202292007290152,,,Nederland,Noord-Limburg,,"51,567474","6,0604462",,,"Nationaal Park De Maasduinen, Toverland Sevenum, Golfbaan Bleijenbeek, Kasteeltuinen Arcen, CentrO Oberhausen, Designer Outlet Roermond, Maasmechelen Village,",5 sterren,Ja,,Ja,,,,Nee,,,"Infinity pool en familie glijbaan, Fer's Splash Park, Leukermeer strand, Binnenbad, Aquapark Leukermeer, Varen met eigen boot, Watersportverhuur, Wakeboarden & wakesurfen, Banaanvaren, Animatie, Speelbos, Airtrampoline, Gamehal, Safari Jeep huren, Skelteren, Multicourt, Pumptrack, Padelbaan, Midgetgolf, Fiets-  en e-chopperverhuur, Fitnessclub More2BFit, Tennisbaan, Wellness, Mio Mucho, Beachclub Leukermeer, IJssalon, Supermarkt, Snackbar, Zondagbrunch, Receptie, Sanitaire voorzieningen, WiFi",Ja,Ja,Ja,,Ja,,,,,,,,,,Ja,,,,,Ja,,,,,,,,,,,"Ja, in het hoogseizoen",Ja,Ja,,,,,"64.5% Vakantiehuizen (20), 12.9% Kampeerplaatsen (4), 12.9% Jaarplaatsen (4), 9.7% Ligplaatsen (3)","51.6% none (16), 41.9% all (13), 6.5% some (2)",0% (0),3.2% (1),0% (0)
Vakantiepark Molenvelden,2113,https://www.kempenrecreatie.nl/molenvelden,x,1204976375818112,,,Nederland,Noord-Brabant,,"51,4176337","5,4060209",,,"Efteling, 't Geitenboerke, Dierenrijk Nuenen, Klimrijk Brabant, Speelpark de Splinter, Toverland, Paintballen in het bos, Rofra sportieve activiteiten, Karten Eindhoven, Landgoed Duynenwater, Next level escape room, Wellness, High Tea Veldhoven, De Wijer, Vlasroot, Philips Museum, DAF Museum, Brouwerij de Oirsprong, Van Gogh Museum Brabant, Kaarsenmakerij Keerf, Prehistorische grafheuvels van Veldhoven, Nationaal Monument Kamp Vught",,Nee,,Ja,,,,Nee,,,"Verwarmd Buitenzwembad, Kiosk, Boscafé Molenvelden, Tafeltennis, Airtrampoline, Speeltuinen, Fietsverhuur, Sanitaire voorzieningen, Wasserette, Wait app, Receptie",Ja,,,,,,,,,,,,,"Ja, accommodaties met een sauna",,,,,,,,,,,,,,,,,,Ja,Ja,,,,,100% Vakantiehuizen (10),"50% none (5), 30% all (3), 20% some (2)",0% (0),0% (0),0% (0)
Veluwe Strandbad Elburg (Monda),1706,https://www.veluwestrandbad.nl/,x,1202403397586212,,,Nederland,Gelderland,Veluwemeer,"52,4576794","5,8191187",,,"Walibi Holland, Dolfinarium, Aviodrome, Anton pieck museum, Apenheul, Bataviastad fashion outlet, De hoge veluwe, Pantropica, Kabouterbos, Klimbos, Museum sjoel, Nederlands artillerie museum, Oostvaardersplassen, Siertuin Ampie berg, Zandverhalen, Zwaluwhoeve wellnessresort",5 sterren,Ja,,Ja,,,,Nee,,,"Buddy's Bowling & Bites, Recreatieprogramma, Sportvelden, Zandstrand, Restaurant de Waterman, Surfschool, Speeltuinen, Fiets- en skelterverhuur, Bootverhuur, Binnenzwembad, Skatebaan, Aanlegplaatsen",Ja,,,,,,,,,,,,,,,,Ja,,,,,,,,,,,,,,"Ja, in schoolvakanties",Nee,Ja,,,,,"53.3% Kampeerplaatsen (8), 46.7% Andere accommodaties (7)","80% none (12), 20% all (3)",0% (0),13.3% (2),0% (0)
Warredal,1939,https://www.warredal.be/,x,1203036468875607,,,België,Limburg,,"51,0774263","5,688945769",,,"Elaisa Energetic Wellness, Mountainbike trails, Maasmechele Village, Kayaking, Cable + aquapark",,Nee,,Ja,,,,Nee,,,"Climbing Park Warredal, Food, Surprise, Indoor Adventure, Adventure Midget Golf, Water fun, Walking, Brasserie De Warre, Bike Rental, Petting zoo, Horses & ponies",Nee,,,,,,,,,,,,,,,,,,,,,,,,,,,,,,"Ja, huisjes met jacuzzi",Ja,Ja,,,,Barbecue service op het park,"61.8% Cosy Cabins (21), 20.6% Appartementen & Studio's (7), 14.7% Cosy Houses (5), 2.9% Buitenbox (1)","52.9% none (18), 35.3% all (12), 11.8% some (4)",85.3% (29),8.8% (3),41.2% (14)
Waterresort Oosterschelde,2311,https://www.waterresortoosterschelde.nl/,x,1206294578265079,,,Nederland,Zeeland,,"51,525246","3,9786344",,,"Goes, Duiken, Paardrijden, Wemeldinge, Yerseke, Domburg, Efoil Clinic",,Nee,,Ja,,,,Nee,,,Duiken,Nee,,,,,,,,,,,,,,Nee,Ja,,,,,,,,,,,,,,,,Nee,Ja,,,,Nee,100% Vakantiehuizen (30),"96.7% none (29), 3.3% all (1)",3.3% (1),3.3% (1),0% (0)
Wilsumer Berge,1222,https://www.wilsumerberge.nl/,x,1153384262642442,,Caner,Duitsland ,Nedersaksen,Bad Bentheim,"52,5146286","6,8649571",,,"Wandel- en fietstochten, Nordhorn, Dierentuin Nordhorn, Bad Bentheim, WILDLANDS Adventure Zoo Emmen, Ootmarsum, Het Springendal, Itterbecker Heide",4 sterren,Ja,,Ja,,,,Ja,,,"Horeca, Entertainment Team, Emma, Evan & Friends, Ranger Club, Adventure Hal, Jeep Safari, Mini-golf, Outdoor & Adventure, Zwemmen, Verhuur, Hondenvijver, Alpaca's, Hondendouche, Sanitair, Mini-Markt",Ja,Nee,Nee,Ja,Nee,Ja,Ja,Nee,Nee,Ja,Nee,Nee,Nee,,Nee,Nee,Ja,Ja,Nee,Nee,Nee,Nee,Nee,Ja,Nee,Nee,Nee,Nee,Nee,Nee,,Nee,Ja,Ja,Nee,Nee,Barbecue bij de woning,"78.4% Andere accommodaties (40), 13.7% Kampeerplaatsen (7), 3.9% Kampeerplaatsen Events (2), 3.9% Jaarplaatsen (2)","41.2% none (21), 37.3% all (19), 21.6% some (11)",27.5% (14),5.9% (3),23.5% (12)
Vakantiepark De Lochemse Berg,915,https://www.vakantieparkdelochemseberg.nl/,x,946943503120303,,,,,,,,,,,,,,,,,,,,,,,,,,,,,,,,,,,,,,,,,,,,,,,,,,,,,,,,,,,,,,,
Vakantiecentrum 't Schuttenbelt,917,https://www.vakantiecentrum-schuttenbelt.nl/,x,946943503120303,,,,,,,,,,,,,,,,,,,,,,,,,,,,,,,,,,,,,,,,,,,,,,,,,,,,,,,,,,,,,,,
Bospark Markelo,916,https://www.bosparkmarkelo.nl/,x,946943503120303,,,,,,,,,,,,,,,,,,,,,,,,,,,,,,,,,,,,,,,,,,,,,,,,,,,,,,,,,,,,,,,
Camping Floreal La Roche-en-Ardenne,2965,,x,1208625608484443,,,,,,,,,,,,,,,,,,,,,,,,,,,,,,,,,,,,,,,,,,,,,,,,,,,,,,,,,,,,,,,
Camping Floreal La Roche-en-Ardenne Extension,2743,,x,1208625608484444,,,,,,,,,,,,,,,,,,,,,,,,,,,,,,,,,,,,,,,,,,,,,,,,,,,,,,,,,,,,,,,
Floreal Blankenberge,2663,,x,1208625608484445,,,,,,,,,,,,,,,,,,,,,,,,,,,,,,,,,,,,,,,,,,,,,,,,,,,,,,,,,,,,,,,
Floreal Mont-Saint-Aubert,2666,,x,1208625608484446,,,,,,,,,,,,,,,,,,,,,,,,,,,,,,,,,,,,,,,,,,,,,,,,,,,,,,,,,,,,,,,
Floreal Nieuwpoort,2664,,x,1208625608484447,,,,,,,,,,,,,,,,,,,,,,,,,,,,,,,,,,,,,,,,,,,,,,,,,,,,,,,,,,,,,,,
Hameau de l'Ourthe,2669,,x,1208625608484448,,,,,,,,,,,,,,,,,,,,,,,,,,,,,,,,,,,,,,,,,,,,,,,,,,,,,,,,,,,,,,,
Hameau de la Semois,2673,,x,1208625608484449,,,,,,,,,,,,,,,,,,,,,,,,,,,,,,,,,,,,,,,,,,,,,,,,,,,,,,,,,,,,,,,
Hotel Bô Rivage,2662,,x,1208625608484450,,,,,,,,,,,,,,,,,,,,,,,,,,,,,,,,,,,,,,,,,,,,,,,,,,,,,,,,,,,,,,,
Camping Het Veen,2668,,x,1208625608484451,,,,,,,,,,,,,,,,,,,,,,,,,,,,,,,,,,,,,,,,,,,,,,,,,,,,,,,,,,,,,,,
Camping Kempen,2671,,x,1208625608484452,,,,,,,,,,,,,,,,,,,,,,,,,,,,,,,,,,,,,,,,,,,,,,,,,,,,,,,,,,,,,,,
Camping La Colline,2674,,x,1208625608484453,,,,,,,,,,,,,,,,,,,,,,,,,,,,,,,,,,,,,,,,,,,,,,,,,,,,,,,,,,,,,,,
Domein Le Festival,2672,,x,1208625608484454,,,,,,,,,,,,,,,,,,,,,,,,,,,,,,,,,,,,,,,,,,,,,,,,,,,,,,,,,,,,,,,
Floreal La Roche-en-Ardenne,2665,,x,1208625608484455,,,,,,,,,,,,,,,,,,,,,,,,,,,,,,,,,,,,,,,,,,,,,,,,,,,,,,,,,,,,,,,
Villa Parcs - Vallandry,1821,,x,,,,,,,,,,,,,,,,,,,,,,,,,,,,,,,,,,,,,,,,,,,,,,,,,,,,,,,,,,,,,,,,
Villa France,2284,,x,,,,,,,,,,,,,,,,,,,,,,,,,,,,,,,,,,,,,,,,,,,,,,,,,,,,,,,,,,,,,,,,
Bospark Markelo,916,https://www.bosparkmarkelo.nl/,,,,,Nederland,"Overijssel

",Twente,#REF!,#REF!,,,,"4,5 sterren",Nee,,Ja,,,,Nee,,,Openluchtzwembad,Nee,Nee,Nee,Nee,Nee,Nee,Nee,Nee,Nee,Nee,Nee,Nee,,"Ja, accommodaties met finse sauna",,Nee,Nee,,,,,,,,,,,,,,,"Ja

",Ja,Ja,,,,,,,,
Brinckerduyn,1773,https://www.brinckerduyn.nl/,,1201721160193821,,Caner,Nederland,Friesland,,"52,93597199","6,350389075",,,"Fietsen, Bosbergtoren, Golfbaan De Hildenberg, Openluchtzwembad, Verkeers- & Attractiepark Duinen Zathe, Mountainvike routes, Wandelroutes, Klimbos, Nationaal Park Drents-Friese Wold, Gevangenismuseum Veenhuizen, Schaapskudde Ruinen, Wigoed Havelte,",,Nee,,Ja,,,,Nee,,,"Bosbad, Clubhouse, Padel Court, Bike Rental, Hockey and Football Pitch, Bootcamp Station, Children's Jungle, Panna Cage, Boules",Nee,Nee,Nee,,,,Ja,Nee,Nee,,,,,,Ja,,,,,,,,,,,,,,,,,Ja,Ja,,,,Barbecue bij de woning,100% Vakantiehuizen (7),"85.7% some (6), 14.3% all (1)",100% (7),100% (7),14.3% (1)
Buitengoed Ruysbos,366,https://www.ruysbos.nl/,,,,,Nederland,Gelderland,,#REF!,#REF!,,,In de bossen van het Land van Maas en Waal,,Nee,,Ja,,,,Ja,,,"Hottub, sauna, tennisbaan, boomhut, kabelbaan, bootjes en kano's, kookhuys, catering mogelijkheden",Nee,Nee,Nee,Nee,Nee,Nee,Nee,Nee,Nee,Nee,Nee,Nee,,"Ja, accommodaties met hottub en/of sauna",Ja,Nee,Nee,,,,,,,,,,,,,,,Ja,Ja,,,,"Ja, barbecue services",,,,,
Bungalowpark Campanula,#REF!,https://www.bungalowparkcampanula.com/,,,,,Nederland,Noord-Holland,,#REF!,#REF!,,,Dicht bij het Noord-Hollandse strand,,Nee,,Ja,,,,Nee,,,Overdekt zwembad en sauna,Ja,Nee,Ja,Nee,Nee,Nee,Nee,Nee,,,,,"Ja, Finse sauna's op het vakantiepark",,,Nee,Nee,,,,,,,,,,,,,,,Ja,Ja,,,,Barbecue bij de woning,,,,,
Bungalowpark Mooyeveld,2158,https://www.bungalowspecials.nl/,,,,,Nederland,Noord-Holland,,#REF!,#REF!,,,Vlak bij het strand van Egmond aan Zee,,Nee,,Ja,,,,Nee,,,"Speeltuin, airtrampoline, fietsverhuur, autolaadpalen",Nee,Nee,Nee,Nee,Nee,Nee,Nee,Nee,Nee,Nee,Nee,Ja,Nee,,Ja,Nee,Nee,,,,,,,,,,,,,,,Nee,Ja,,,,Nee,,,,,
De Thijmse Berg,2151,https://www.thijmseberg.nl/,,1205527445004542,,,Nederland,Utrecht,,"51,9759999","5,5643041",,,"Nationaal Park De Utrechtse Heuvelrug, Nationaal Park De Hoge Veluwe, Kwintelooijen, De Betuwe, Wandelen, Fietsen, Mountainbiken, Utrecht, Arnhem, Amsterdam, De Grebbeberg, Kasteel Amerongen, Pyramide van Austerlitz, Nationaal Militair Museum, Wandelen, Outdoor activiteiten, Fietsen, Mountainbiken, Koning van Denemarken, Grand Café Moeke Rhenen, Ouwehands Dierenpark, The Circle Veenendaal, The Maxx Veenendaal, Kings & Queens, Routes",,Nee,,Ja,,,,Nee,,,"Buitenzwembad & waterspraypark, Speeltuin en indoor speelparadijs, Animatie voor de kids, Multifunctioneel sportveld, Receptie winkel, Restaurant Sorella's, BBQ service, E-Choppers, FAT runners & Retro Bikes, Fiets- en skelterverhuur, Speurtochten & routes, Mountainbike Clinic, Bakpakket voor in jouw woning, Laadpaal voor elektrische auto's, Massageservice",Ja,,Ja,,,,,,,,,,,"Ja, accommodaties met sauna en privé zwembad",Ja,,,,,,,,,,,,,,,,"Ja, in juli en augustus",Nee,Ja,,,,,100% Vakantiehuizen (32),"71.9% none (23), 25% all (8), 3.1% some (1)",3.1% (1),18.8% (6),34.4% (11)
De Weelderik,2108,https://www.deweelderik.nl/,,1204764770320935,,,Nederland,Gelderland,Achterhoek,"52,0592027","6,3589926",,,"Hanzesteden in de Achterhoek, Kastelen in de Achterhoek, Restaurants in de omgeving, Wandelen in de Achterhoek, Fietsen in de Achterhoek, De Fiere Wijnakker, Golfclub 't Zelle, Klimbos Achterhoek, Distilleerderij de Bronckhorst, Mochica Alpaca's, AeroFitt | Werk je in het zweet!, Pluktuinen & fruitplukdagen, De Spelerij, Hof van Eckberge, Free-wheel",,Nee,,Ja,,,,Nee,,,"Speeltuin | Ontdekken, klimmen en klauteren, Clubhuis | Maak kennis met de omgeving en met elkaar, Padelbaan | De rage uit Spanje, Jeu de Boules | Het spel met de ballen, Vuurplaats | Het ultieme buitenleven, Multicourt | Speel je eigen spel, Fietsverhuur | Ontdek de omgeving",Nee,,,,,,,,,,,,,"Ja, accommodaties met sauna",Ja,,,,,,,,,,,,,,,,,Ja,Ja,,,,Barbecue bij de woning,100% Vakantiehuizen (4),100% some (4),100% (4),100% (4),0% (0)
Droomvilla Vakantiehuizen,#REF!,https://www.droomvilla.nl/,,,,,Nederland,Noord-Holland,,#REF!,#REF!,,,Nabij de zee,,Nee,,Ja,,,,Nee,,,,Nee,Nee,Nee,Nee,Nee,Nee,Nee,Nee,,,,,,"Ja, accommodaties met wellness",,Nee,Nee,,,,,,,,,,,,,,,Ja,Ja,,,,Barbecue bij de woning,,,,,
Lagoon Ocean Resort,#REF!,https://www.lagoonoceanresort.com/,,,,,Curaçao ,,,#REF!,#REF!,,,"Lagun, Curaçao",,Nee,,Nee,,,,Nee,Ja,,"Duikschool, zwembad, autoverhuur, restaurant",Ja,Nee,Nee,Nee,Nee,Nee,Ja,Nee,,,,,Nee,,,Nee,Nee,,,,,,,,,,,,,,,Nee,Ja,,,,,,,,,
Landgoed Oud Beekdal,2028,https://www.berkenrhode.nl/landgoed-oud-beekdal,,,,,Nederland,Gelderland,Veluwe,#REF!,#REF!,,,,,Nee,,Ja,,,,Nee,,,"Buitenzwembad, fietsverhuur en E-chopper verhuur",Ja,Nee,Ja,Nee,Nee,Nee,Nee,Nee,Nee,Nee,Nee,Ja,,"Ja, accommodaties met privé hottub, sauna of zwembad",Ja,Ja,Nee,,,,,,,,,,,,,,,Ja,Ja,,,,,,,,,
More & Merrier,2893,https://www.moreandmerrier.be/,,,,,België,West-Vlaanderen ,,#REF!,#REF!,,,Aan de Belgische kust,,Nee,,Ja,,,,Nee,,,"Barruimte, bioscoop, interactieve ruimte, relaxruimte, biljart, darts en tafelspelen",Nee,Nee,Nee,Nee,Nee,Nee,Nee,Ja,Nee,Nee,Nee,Nee,Nee,,Ja,Ja,Nee,,,,,,,,,,,,,,,Nee,Ja,,,,"Ja, barbecue bij de woning",,,,,
Pharshoeke,#REF!,https://www.pharshoeke.nl/,,,,,Nederland,Friesland,,#REF!,#REF!,,,Aan de Friese meren,,Nee,,Ja,,,,Nee,,,Bootverhuur,Nee,Nee,Nee,Nee,Nee,Nee,Nee,Nee,,,,,,"Ja, accommodaties met sauna",Nee,Nee,Nee,,,,,,,,,,,,,,,Ja,,,,,Nee,,,,,
Residence Heijendael,#REF!,https://www.residenceheijendael.nl/,,,,,Nederland,Noord-Limburg,,#REF!,#REF!,,,Nabij de Maas en Nationaal Park De Maasduinen,,Nee,,Ja,,,,Nee,,,Buitenzwembad met glijbaan en zonneweide ,Ja,Nee,Ja,Ja,Nee,Nee,Nee,Nee,,,,,Nee,,,Nee,Nee,,,,,,,,,,,,,,,Ja,Ja,,,,,,,,,
Roodewoud,2223,https://www.roodewoud.nl/,,1205922963832537,,,Nederland,Drenthe,,"52,988327","6,6321913",,,"Balloërveld | Prachtige natuur, wandel- en fietsroutes, Drentse Zwemplassen | Iberenplas & 't Nije Hiemelriekje, Hunebedden | Indrukwekkende historie, Restaurants | in de omgeving, Kookstudio Zen | Culinair genieten, Groenteman Wessel Hagens | Vers of kant-en-klaar, Bakkerij Pots | Ambachtelijk genieten, Keurslager Braamskamp | Een lokaal begrip, Drents Museum | Poppenhuis voor gevorderden, Hunebedcentrum Borger, Jacobuskerk Rolde, Circuit Assen | Een razendsnelle beleving, Blij van Toen | Vintage & Curiositeiten, DAF door Drenthe | Een hilarisch dagje uit!, Wildlands | Van jungle tot savanne, Klimpark Joytime | Klimmen, klauteren en tokkelen, Buitencentrum Boomkroonpad | Spelenderwijs ontdekken, DX Adventurepark | Grootste open waterpark van Nederland",,Nee,,Ja,,,,Nee,,,"Padel | Multi court, Wijnklimaatkast, Clubhuis | Maak kennis met de omgeving & elkaar, Speeltuin | Ontdekken, klimmen en klauteren, Fietsverhuur | Ontdek de omgeving",Nee,,,,,,,,,,,Ja,,"Ja, accommodaties met een sauna, jacuzzi of zwembad",Ja,,,,,,,,,,,,,,,,,Ja,Ja,,,,"Ja, barbecue bij de woning",100% Vakantiehuizen (7),"57.1% some (4), 42.9% all (3)",100% (7),14.3% (1),85.7% (6)
Sunset Beach Resort,303,https://www.bonaireresorts.nl/sunset-beach-resort ,,,,,Bonaire,,,"12,11970865","-68,28976302",,,"Bonaire National Marine Park, Stranden, Cadushy Distillery, Blue Bay Bonaire, Kiteboarding Bonaire, Jibe City Windsurfing Centre, Klein Bonaire, Klein Bonaire, Kralendijk, Mountainbiken en fietsen, Snorkelen, Slavenhutten, Zoutvlaktes, Washington Slagbaai National Park, Donkey Sanctuary, Terramar Museum, Supermarkt, Excursies",,Nee,,,,,,,,,"Receptie, Zwembad, Loungebar, Toegang tot het strand, Spa, Autoverhuur",,,,,,,,,,,,,,,,,,,,,,,,,,,,,,,,,,,,,,"80% Vakantiehuizen (4), 20% Kamers (1)",100% none (5),0% (0),0% (0),0% (0)
t Wylde Pad,#REF!,https://www.hetwyldepad.nl/,,,,,Nederland,Friesland,,#REF!,#REF!,,,Aan het water en in het bos,,Nee,,Ja,,,,Ja,,,"Pingo (natuurlijk vennetje), speeltuin",Nee,Nee,Nee,Nee,Nee,Nee,Nee,Nee,,,,,,"Ja, accommodaties met hottub",,Nee,Nee,,,,,,,,,,,,,,,Ja,Ja,,,,Barbecue service op het park,,,,,
Vakantiecentrum 't Schuttenbelt,917,https://www.vakantiecentrum-schuttenbelt.nl/,,,,,Nederland,Overijssel,Twente,#REF!,#REF!,,,,4 sterren,Nee,,Ja,,,,Ja,,,Buitenzwembad met waterglijbaan,Ja,Nee,Ja,Nee,Nee,Nee,Nee,Nee,Nee,Ja,Nee,Nee,Nee,,,Ja,Nee,,,,,,,,,,,,,,"Ja, in schoolvakanties",Ja,Ja,Ja,,,,,,,,
Vakantiepark De Klepperstee,1323,https://www.klepperstee.nl/,,1200726056746329,,Caner,Nederland,Zuid-Holland,,"51,816248","3,898952",,,"Stranden, Noordzee en Brouwersdam, Natuurgebieden, Strandtheater, Visit Goeree-Overflakkee, Dorpen en steden, Supermarkt",,Ja,,Ja,,,,Ja,,,"Natuurlijke zwemvijver, Bistro Skål, Binnen- en buitenspeeltuinen, Recreatieteam, Sauna, Receptie, Fietsverhuur, Sportroute en pumptrack, Dog Wash, Laadpalen, Plattegrond",Nee,Nee,Nee,Nee,Ja,Nee,Nee,Nee,Ja,Nee,Nee,Ja,Nee,,Nee,Nee,Nee,Nee,Ja,Nee,Nee,Nee,Nee,Nee,Nee,Nee,Nee,Ja,Nee,Ja,,Ja,Ja,Nee,Ja,Ja,,"42.9% Vakantiehuizen (24), 23.2% Kampeerplaatsen (13), 16.1% Particulier (9), 10.7% Particulier Plus (6), 5.4% Jaarplaatsen (3), 1.8% Camperplaatsen (1)","55.4% all (31), 37.5% none (21), 7.1% some (4)",0% (0),0% (0),0% (0)
Vakantiepark De Lochemse Berg,915,https://www.vakantieparkdelochemseberg.nl/,,,,,Nederland,Gelderland,Achterhoek,#REF!,#REF!,,,,4 sterren ,Nee,,Ja,,,,Nee,,,Vismogelijkheden,Nee,Nee,Nee,Nee,Nee,Nee,Nee,Nee,Nee,Nee,Nee,Nee,Nee,,,Nee,Nee,,,,,,,,,,,,,,,Nee,Nee,,,,,,,,,
Vakantiepark Fort den Haak,1327,https://www.fortdenhaak.nl/,,,,Caner,Nederland,Zeeland,,#REF!,#REF!,,,,,Nee,,Ja,,,,Nee,,,"Subtropische tuin, fietsverhuur",Nee,Nee,Nee,Nee,Nee,Nee,Nee,Nee,Nee,Nee,Nee,Ja,Nee,,,Nee,Nee,Nee,Nee,Nee,Nee,Nee,Nee,Nee,Nee,Nee,Nee,Nee,Nee,Neee,,Ja,Nee,Nee,Ja,Ja,,,,,,
Vista Maris,#REF!,https://www.vistamaris.nl/,,,,,Nederland,Zeeland,,#REF!,#REF!,,,In Zeeland,,Nee,,Nee,,,,Nee,Ja,,-,Nee,Nee,Nee,Nee,Nee,Nee,Nee,Nee,,,,,Nee,,Nee,Ja,Nee,,,,,,,,,,,,,,,Ja,Nee,,,,Nee,,,,,
Zomerlicht,#REF!,https://www.zomerlicht.com/,,,,,Nederland,Overijssel,Vechtdal,#REF!,#REF!,,,Bij het bos,,Ja,,Ja,,,,Ja,,,"Buitenzwembad, kidsclub, natuurspeeltuin, restaurant",Ja,Nee,Ja,Nee,Nee,Nee,Ja,Nee,,,,,Nee,,,Nee,Ja,,,,,,,,,,,,,,"Ja, onbekend programma",Ja,Ja,,,,,,,,,
Gooise Heide,,https://www.gooiseheide.nl/,,,,,Nederland ,Noord-Holland,,,,,,,,,,,,,,Ja,,,,,,,,,,,,,,,,,,,,,,,,,,,,,,,,,,,,,,,,,,,,,
,,,,,,,,,,,,,,,,,,,,,,,,,,,,,,,,,,,,,,,,,,,,,,,,,,,,,,,,,,,,,,,,,,,
,,,,,,,,,,,,,,,,,,,,,,,,,,,,,,,,,,,,,,,,,,,,,,,,,,,,,,,,,,,,,,,,,,,
,,,,,,,,,,,,,,,,,,,,,,,,,,,,,,,,,,,,,,,,,,,,,,,,,,,,,,,,,,,,,,,,,,,
,,https://www.boekuwbuitenhuis.nl/,,,,,,,,,,,,,,,,,,,,,,,,,,,,,,,,,,,,,,,,,,,,,,,,,,,,,,,,,,,,,,,,,